:020000040800F2
:100000000000012071290108192501081F25010898
:10001000252501082B2501083125010800000000D5
:10002000000000000000000000000000372501086B
:10003000452501080000000053250108612501083D
:10004000C1290108C1290108C12901086D2501083C
:10005000C129010881250108C1290108C129010818
:10006000C1290108C1290108C1290108C1290108C4
:10007000C1290108C1290108C1290108C1290108B4
:10008000C1290108C1290108C1290108C1290108A4
:10009000C1290108C1290108C12901088F250108CA
:1000A000C1290108C1290108C1290108C129010884
:1000B000C12901080000000000000000C12901085A
:1000C000C1290108C1290108C1290108C129010864
:1000D000C1290108C1290108C1290108C129010854
:1000E000C1290108A125010800000000000000004E
:1000F0000000000000000000000000000000000000
:1001000000000000C129010800000000C129010809
:100110000000000000000000C1290108C1290108F9
:10012000C1290108C1290108C1290108C129010803
:10013000C1290108000000000000000000000000CC
:10014000C1290108C1290108C1290108C1290108E3
:10015000C1290108C1290108C1290108C1290108D3
:10016000C1290108C1290108C129010800000000B6
:10017000C1290108C1290108C129010800000000A6
:0C018000C1290108C1290108C12901089A
:1001900010B5054C237833B9044B13B10448AFF3C1
:1001A00000800123237010BD8000002000000000AB
:1001B000147E010808B5034B1BB103490348AFF394
:1001C000008008BD0000000084000020147E0108AB
:1001D00001F0FF01102A2BDB10F0070F08D010F8F8
:1001E000013B013A8B422DD010F0070F42B3F6D1FC
:1001F000F0B441EA012141EA014122F007047FF015
:1002000000070023F0E80256083C85EA010586EA6B
:10021000010685FA47F5A3FA87F586FA47F6A5FAA7
:1002200087F68EB9EED1F0BC01F0FF0102F00702B3
:1002300032B110F8013B013A83EA010313B1F8D15E
:100240000020704701387047002D06BF354603383F
:10025000073815F0010F07D1013015F4807F02BF78
:10026000013015F4C03F0130F0BC0138704700BFC9
:10027000034613F8012B002AFBD1181A01387047E6
:1002800081F0004102E000BF83F0004330B54FEA47
:1002900041044FEA430594EA050F08BF90EA020FB4
:1002A0001FBF54EA000C55EA020C7FEA645C7FEA47
:1002B000655C00F0E2804FEA5454D4EB5555B8BF6A
:1002C0006D420CDD2C4480EA020281EA030382EADB
:1002D000000083EA010180EA020281EA0303362D6D
:1002E00088BF30BD11F0004F4FEA01314FF4801C40
:1002F0004CEA113102D0404261EB410113F0004F52
:100300004FEA03334CEA133302D0524263EB430308
:1003100094EA050F00F0A780A4F10104D5F1200EA6
:100320000DDB02FA0EFC22FA05F2801841F1000101
:1003300003FA0EF2801843FA05F359410EE0A5F1D5
:1003400020050EF1200E012A03FA0EFC28BF4CF006
:10035000020C43FA05F3C01851EBE37101F00045BC
:1003600007D54FF0000EDCF1000C7EEB00006EEBC9
:100370000101B1F5801F1BD3B1F5001F0CD3490853
:100380005FEA30004FEA3C0C04F101044FEA4452AA
:1003900012F5800F80F09A80BCF1004F08BF5FEA31
:1003A000500C50F1000041EB045141EA050130BD11
:1003B0005FEA4C0C404141EB0101013C28BFB1F523
:1003C000801FE9D291F0000F04BF01460020B1FA6E
:1003D00081F308BF2033A3F10B03B3F120020CDA41
:1003E0000C3208DD02F1140CC2F10C0201FA0CF01F
:1003F00021FA02F10CE002F11402D8BFC2F1200C84
:1004000001FA02F120FA0CFCDCBF41EA0C01904039
:10041000E41AA2BF01EB0451294330BD6FEA040482
:100420001F3C1CDA0C340EDC04F11404C4F120026D
:1004300020FA04F001FA02F340EA030021FA04F37F
:1004400045EA030130BDC4F10C04C4F1200220FAD6
:1004500002F001FA04F340EA0300294630BD21FA14
:1004600004F0294630BD94F0000F83F4801306BFDA
:1004700081F480110134013D4EE77FEA645C18BFCE
:100480007FEA655C29D094EA050F08BF90EA020F65
:1004900005D054EA000C04BF1946104630BD91EA5D
:1004A000030F1EBF0021002030BD5FEA545C05D160
:1004B0004000494128BF41F0004130BD14F580049F
:1004C0003CBF01F5801130BD01F0004545F0FE4113
:1004D00041F470014FF0000030BD7FEA645C1ABF48
:1004E000194610467FEA655C1CBF0B46024650EA7F
:1004F000013406BF52EA033591EA030F41F40021AB
:1005000030BD00BF90F0000F04BF0021704730B530
:100510004FF4806404F132044FF000054FF0000105
:1005200050E700BF90F0000F04BF0021704730B5C6
:100530004FF4806404F1320410F0004548BF40429B
:100540004FF000013EE700BF42004FEAE2014FEAF0
:1005500031014FEA02701FBF12F07F4393F07F4FCB
:1005600081F06051704732F07F4208BF704793F0CE
:100570007F4F04BF41F40021704730B54FF46074E1
:1005800001F0004521F000411CE700BF50EA0102E4
:1005900008BF704730B54FF000050AE050EA01028D
:1005A00008BF704730B511F0004502D5404261EBFD
:1005B00041014FF4806404F132045FEA915C3FF43E
:1005C000D8AE4FF003025FEADC0C18BF03325FEADB
:1005D000DC0C18BF033202EBDC02C2F1200300FA8C
:1005E00003FC20FA02F001FA03FE40EA0E0021FAB1
:1005F00002F11444BDE600BF70B54FF0FF0C4CF49F
:10060000E06C1CEA11541DBF1CEA135594EA0C0F50
:1006100095EA0C0F00F0DEF82C4481EA030621EA8B
:100620004C5123EA4C5350EA013518BF52EA0335C6
:1006300041F4801143F4801338D0A0FB02CE4FF078
:100640000005E1FB02E506F00042E0FB03E54FF0A8
:100650000006E1FB03569CF0000F18BF4EF0010EA0
:10066000A4F1FF04B6F5007F64F5407404D25FEA9C
:100670004E0E6D4146EB060642EAC62141EA55514F
:100680004FEAC52040EA5E504FEACE2EB4F1FD0C91
:1006900088BFBCF5E06F1ED8BEF1004F08BF5FEA0F
:1006A000500E50F1000041EB045170BD06F00046C1
:1006B00046EA010140EA020081EA0301B4EB5C046E
:1006C000C2BFD4EB0C0541EA045170BD41F4801166
:1006D0004FF0000E013C00F3AB8014F1360FDEBF8B
:1006E000002001F0004170BDC4F10004203C35DA67
:1006F0000C341BDC04F11404C4F1200500FA05F3EA
:1007000020FA04F001FA05F240EA020001F000428A
:1007100021F0004110EBD37021FA04F642EB060100
:100720005EEA430E08BF20EAD37070BDC4F10C042A
:10073000C4F1200500FA04F320FA05F001FA04F2EE
:1007400040EA020001F0004110EBD37041F10001DA
:100750005EEA430E08BF20EAD37070BDC4F12005E5
:1007600000FA05F24EEA020E20FA04F301FA05F24D
:1007700043EA020321FA04F001F0004121FA04F2F5
:1007800020EA020000EBD3705EEA430E08BF20EAC5
:10079000D37070BD94F0000F0FD101F000464000FF
:1007A00041EB010111F4801F08BF013CF7D041EA81
:1007B000060195F0000F18BF704703F00046520085
:1007C00043EB030313F4801F08BF013DF7D043EA56
:1007D0000603704794EA0C0F0CEA135518BF95EA0C
:1007E0000C0F0CD050EA410618BF52EA4306D1D193
:1007F00081EA030101F000414FF0000070BD50EAB2
:10080000410606BF1046194652EA430619D094EA3B
:100810000C0F02D150EA013613D195EA0C0F05D125
:1008200052EA03361CBF104619460AD181EA030179
:1008300001F0004141F0FE4141F470014FF0000031
:1008400070BD41F0FE4141F4780170BD70B54FF0CC
:10085000FF0C4CF4E06C1CEA11541DBF1CEA13554C
:1008600094EA0C0F95EA0C0F00F0A7F8A4EB05042E
:1008700081EA030E52EA03354FEA013100F0888025
:100880004FEA03334FF0805545EA131343EA1263EE
:100890004FEA022245EA111545EA10654FEA0026A3
:1008A0000EF000419D4208BF964244F1FD0404F55C
:1008B000407402D25B084FEA3202B61A65EB0305B8
:1008C0005B084FEA32024FF480104FF4002CB6EB75
:1008D000020E75EB030E22BFB61A754640EA0C00F5
:1008E0005B084FEA3202B6EB020E75EB030E22BF35
:1008F000B61A754640EA5C005B084FEA3202B6EB76
:10090000020E75EB030E22BFB61A754640EA9C0034
:100910005B084FEA3202B6EB020E75EB030E22BF04
:10092000B61A754640EADC0055EA060E18D04FEAC2
:10093000051545EA16754FEA06164FEAC30343EA62
:1009400052734FEAC2025FEA1C1CC0D111F4801F2F
:100950000BD141EA00014FF000004FF0004CB6E728
:1009600011F4801F04BF01430020B4F1FD0C88BFC7
:10097000BCF5E06F3FF6AFAEB5EB030C04BFB6EBD2
:10098000020C5FEA500C50F1000041EB045170BDC5
:100990000EF0004E4EEA113114EB5C04C2BFD4EBF2
:1009A0000C0541EA045170BD41F480114FF0000E76
:1009B000013C90E645EA060E8DE60CEA135594EAF2
:1009C0000C0F08BF95EA0C0F3FF43BAF94EA0C0FF5
:1009D0000AD150EA01347FF434AF95EA0C0F7FF46A
:1009E00025AF104619462CE795EA0C0F06D152EABE
:1009F00003353FF4FDAE1046194622E750EA4106A2
:100A000018BF52EA43067FF4C5AE50EA41047FF4B2
:100A10000DAF52EA43057FF4EBAE12E74FF0FF3C17
:100A200006E000BF4FF0010C02E000BF4FF0010CE8
:100A30004DF804CD4FEA410C7FEA6C5C4FEA430C61
:100A400018BF7FEA6C5C1BD001B050EA410C0CBFB0
:100A500052EA430C91EA030F02BF90EA020F002012
:100A6000704710F1000F91EA030F58BF994208BF79
:100A700090422CBFD8176FEAE37040F00100704736
:100A80004FEA410C7FEA6C5C02D150EA013C07D18D
:100A90004FEA430C7FEA6C5CD6D152EA033CD3D0D8
:100AA0005DF8040B704700BF8446104662468C46D2
:100AB0001946634600E000BF01B5FFF7B7FF002805
:100AC00048BF10F1000F01BD4DF808EDFFF7F4FF2E
:100AD0000CBF012000205DF808FB00BF4DF808EDB9
:100AE000FFF7EAFF34BF012000205DF808FB00BFDC
:100AF0004DF808EDFFF7E0FF94BF012000205DF8FE
:100B000008FB00BF4DF808EDFFF7CEFF94BF0120B2
:100B100000205DF808FB00BF4DF808EDFFF7C4FFAB
:100B200034BF012000205DF808FB00BF4FEA4102FE
:100B300012F5001215D211D56FF47873B3EB62522F
:100B400012D94FEAC12343F0004343EA505311F056
:100B5000004F23FA02F018BF404270474FF00000E8
:100B6000704750EA013005D111F0004008BF6FF026
:100B7000004070474FF00000704700BF4A0011D29C
:100B800012F5001211D20DD56FF47873B3EB6252E7
:100B90000ED44FEAC12343F0004343EA505323FAF3
:100BA00002F070474FF00000704750EA013002D168
:100BB0004FF0FF3070474FF00000704753B94AB90B
:100BC000002908BF00281CBF4FF0FF314FF0FF3055
:100BD00000F08EB9ADF1080C6DE904CE00F024F8F8
:100BE000DDF804E0DDE9022304B07047D0B50C4B1A
:100BF000002206460F46FFF7FFFCFFF7BFFF044643
:100C0000FFF780FC074B0022FFF7F6FC02460B467D
:100C100030463946FFF738FBFFF7B0FF2146D0BD1D
:100C20000000F03D0000F0412DE9F047089E0D4620
:100C300004460F46002B4AD18A42944665D9B2FA3F
:100C400082F343B102FA03FCC3F120029F4020FA71
:100C500002F217439C404FEA1C4E1FFA8CF5B7FB7B
:100C6000FEF1220C0EFB117742EA074201FB05F070
:100C700090420AD91CEB020201F1FF3780F01C817F
:100C8000904240F2198102396244121AA4B2B2FBB6
:100C9000FEF00EFB102244EA024400FB05F5A542DB
:100CA0000AD91CEB040400F1FF3280F00781A54251
:100CB00040F204816444023840EA0140641B002190
:100CC0001EB1DC400023C6E90043BDE8F0878B423B
:100CD00008D9002E00F0ED800021C6E90005084685
:100CE000BDE8F087B3FA83F1002949D1AB4202D3C2
:100CF000824200F2F880841A65EB03020120174655
:100D0000002EE2D0C6E90047DFE702B9FFDEB2FA03
:100D100082F3002B40F090808A1A4FEA1C471FFA9A
:100D20008CFE0121B2FBF7F507FB1520220C42EAED
:100D300000420EFB05F0904208D91CEB020205F1BF
:100D4000FF3802D2904200F2CB804546121AA4B27C
:100D5000B2FBF7F007FB102244EA02440EFB00FE50
:100D6000A64508D91CEB040400F1FF3202D2A645C7
:100D700000F2BB801046A4EB0E0440EA05409FE75A
:100D8000C1F120078B4022FA07FC4CEA030C05FA5C
:100D900001F420FA07F3FD404FEA1C492343B5FB59
:100DA000F9F81FFA8CFE09FB18551C0C44EA05449F
:100DB00008FB0EF5A54202FA01F200FA01F00BD988
:100DC0001CEB040408F1FF3A80F08880A54240F251
:100DD0008580A8F102086444641B9DB2B4FBF9F35A
:100DE00009FB134445EA044403FB0EFEA64508D95B
:100DF0001CEB040403F1FF356CD2A6456AD9023B13
:100E0000644443EA0843A3FB0295A4EB0E04AC42FE
:100E1000C846AE4656D353D056B1B0EB080264EB89
:100E20000E0404FA07F7CA40CC401743C6E9007421
:100E300018460021BDE8F087C3F1200102FA03FC47
:100E400020FA01F225FA01F19D402A434FEA1C479E
:100E50001FFA8CFEB1FBF7F007FB1015110C41EAED
:100E6000054100FB0EF58D4204FA03F408D91CEB92
:100E7000010100F1FF382FD28D422DD90238614493
:100E8000491B92B2B1FBF7F507FB151142EA01428B
:100E900005FB0EF1914208D91CEB020205F1FF3867
:100EA00016D2914214D9023D6244521A45EA0041D9
:100EB00038E73146304608E73946E6E61046FBE6B5
:100EC0004845A9D2B9EB020865EB0C0E013BA3E73C
:100ED0004546EAE72B4694E74046D1E7D0467BE714
:100EE000023D624432E708460AE76444023842E7BA
:100EF000704700BF80B586B000AF3B4600221A6045
:100F00005A609A60DA601A615A61294B294A1A605C
:100F1000274B00225A60264B00229A60244B002265
:100F2000DA60234B00221A61214B04225A61204BC4
:100F300000221A761E4B00225A761D4B0122DA61DE
:100F40001B4B002283F82020194B00229A62184B79
:100F50000022DA62164B002283F83020144B002264
:100F60005A63134B002283F83820114811F072FFA6
:100F70000346002B01D00BF04BFA0F4B3B600623CE
:100F80007B600023BB607F23FB6004233B61002365
:100F90007B613B461946064812F09EF80346002B3B
:100FA00001D00BF035FA00BF1837BD4680BD00BF39
:100FB0009C000020000004500200300480B5A2B064
:100FC00000AF786007F1740300221A605A609A60DB
:100FD000DA601A6107F1140360220021184616F046
:100FE00037FE7B681B68364A934265D14FF48043D5
:100FF0007B614FF04053BB6607F11403184614F0B1
:10100000A5F80346002B01D00BF002FA2D4BDB6C48
:101010002C4A43F40053D3642A4BDB6C03F4005393
:101020003B613B69274BDB6C264A43F00403D364E6
:10103000244BDB6C03F00403FB60FB68214BDB6C8F
:10104000204A43F00103D3641E4BDB6C03F0010321
:10105000BB60BB680B237B670B23BB670023FB676D
:1010600007F174031946184812F0A2FF04237B67A6
:101070000323BB670023FB6707F17403194612487B
:1010800012F096FF20237B670B23BB670023FB67CF
:1010900007F1740319464FF0904012F089FF402386
:1010A0007B670323BB670023FB6707F174031946C3
:1010B0004FF0904012F07CFF00BF8837BD4680BDE6
:1010C00000000450001002400008004880B58CB0B9
:1010D00000AF07F11C0300221A605A609A60DA60C0
:1010E0001A61704BDB6C6F4A43F01003D3646D4B95
:1010F000DB6C03F01003BB61BB696A4BDB6C694AB4
:1011000043F00203D364674BDB6C03F002037B61A3
:101110007B69644BDB6C634A43F08003D364614BAF
:10112000DB6C03F080033B613B695E4BDB6C5D4A2B
:1011300043F00803D3645B4BDB6C03F00803FB60F4
:10114000FB68584BDB6C574A43F00103D364554BA3
:10115000DB6C03F00103BB60BB68524BDB6C514A94
:1011600043F00403D3644F4BDB6C03F004037B6058
:101170007B6800224FF6BE714B4813F093F80022B3
:1011800041F60651494813F08DF800228021484865
:1011900013F088F8002242F29001464813F082F8DA
:1011A00001224021434813F07DF84FF6BE73FB61E6
:1011B00001233B6200237B620023BB6207F11C0317
:1011C0001946394812F0F4FE41F60653FB6101233B
:1011D0003B6200237B620023BB6207F11C031946BC
:1011E000324812F0E5FE0823FB6100233B62002336
:1011F0007B6207F11C0319462F4812F0D9FE8023A9
:10120000FB6101233B6200237B620023BB6207F189
:101210001C031946264812F0CBFE42F25003FB6134
:1012200001233B6200237B620023BB6207F11C03A6
:101230001946204812F0BCFE4FF40073FB614FF4D6
:1012400088133B6200237B6207F11C0319464FF0B1
:10125000904012F0ADFE8023FB6101233B6202232C
:101260007B620223BB6207F11C031946114812F08E
:101270009FFE4FF40043FB6100233B6200237B622F
:1012800007F11C031946094812F092FE00220021C2
:10129000172012F0DEFB172012F0F7FB00BF3037EB
:1012A000BD4680BD00100240001000480004004808
:1012B000000C004800080048001C004880B500AF42
:1012C0000B4B0C4A1A600A4B06225A60084B40F638
:1012D000FF72DA60064B40F6FF729A60044813F022
:1012E0001CF80346002B01D00BF092F800BF80BD24
:1012F000000100200030004080B400AFBFF34F8FEA
:1013000000BF064BDB6803F4E0620449044B13435F
:10131000CB60BFF34F8F00BF00BFFDE700ED00E0E3
:101320000400FA0580B584B000AFF860B9607A6057
:101330007B68002B01D1002306E07A68B968F86861
:1013400016F05CFC034600BF18461037BD4680BD52
:1013500080B582B000AF78607868FEF789FF0346F9
:1013600018460837BD4680BD90B587B000AF78609D
:1013700039603B68DB0FFB75FB7D002B02D03B68BF
:101380005B4200E03B683B610A2138690BF045F89D
:10139000F860FA7DFB68D41807F10803184615F0C9
:1013A0008DFD07F108032D222146786815F0B8FE5F
:1013B00007F10803184615F083FDFB7D1946786890
:1013C00015F046FF03463A69F96818460BF064F8D1
:1013D00000BF78681C37BD4690BD90B587B000AFA0
:1013E000F860C7E900230A22D7E900010BF0AAF848
:1013F000044607F11403184615F060FD07F11403C5
:1014000000222146F86815F08BFE07F114031846F8
:1014100015F056FD0021F86815F01AFF0446F8682B
:1014200015F0DEFE0146D7E9002320460BF0ECF86C
:1014300000BFF8681C37BD4690BD80B483B000AFD4
:101440007860012318460C37BD465DF8047B704771
:1014500080B598B000AF7860396007F12403184672
:1014600015F02CFD07F1240207F10C032C49184656
:1014700016F0E0F907F12403184615F021FD78680D
:1014800015F040FE3B68FB653B68002B25D12549E4
:10149000786816F01EF820E03B6803F00F03BB6588
:1014A000BA6D07F10C031146184615F0CEFE03463F
:1014B000197807F128037A6818460BF019F907F133
:1014C00028031946786815F05AFE07F128031846D4
:1014D00015F049FE3B681B093B603B68002BDBD1E4
:1014E000FB6D0E2B11D807F140037A680D491846A1
:1014F0000BF03CF907F140031946786815F03FFE00
:1015000007F14003184615F02EFE00BF07F10C034B
:10151000184615F028FE00BF78686037BD4680BDCC
:10152000307E0108447E0108B0B59AB000AF786102
:1015300087ED020B39611346FB71786915F0E2FD06
:101540004FF000024FF00003D7E90201FFF7C6FA9F
:101550000346002B09D04249786916F055F8BC685B
:10156000FB6883F00045C7E90245D7E90201FFF7B0
:101570003DFB02460B46C7E91423FB79002B09D03B
:10158000D7E914230A2A73F1000303D23549786995
:1015900016F03AF807F11C01D7E914230846FFF7C3
:1015A0001CFF07F11C031946786916F003F807F1D0
:1015B0001C03184615F0D7FD3B69002B4ADD2A496C
:1015C000786916F021F8D7E91401FEF7DFFF02462B
:1015D0000B46D7E90201FEF757FE02460B46C7E964
:1015E00018230023FB6531E04FF000021F4BD7E9C1
:1015F0001801FFF701F802460B46C7E91823D7E99F
:101600001801FFF793FA0346FB6407F13403F96C02
:101610001846FFF7A9FE07F134031946786915F05B
:10162000C9FF07F13403184615F09DFDF86CFEF76D
:1016300079FF02460B46D7E91801FEF725FE024660
:101640000B46C7E91823FB6D0133FB65FA6D3B6957
:101650009A42C9DB00BF78696837BD46B0BD00BF9C
:10166000487E0108447E01084C7E010800002440A9
:101670002DE9B0438EB000AF78604FF000024FF01C
:101680000003C7E90C234FF00002634BC7E90A23AC
:10169000002387F8273000233B620023FB770123D8
:1016A000BB77786815F0CCFD034683F00103DBB20D
:1016B000002B09D00021786815F0C7FD03461B7880
:1016C0002D2B01D1012300E00023002B01D00123A9
:1016D000FB777B68BB61B86915F07CFD03463B6115
:1016E000B86915F079FD0346FB606DE007F1100362
:1016F00018460BF0A3F803461B78FB75FB7D2D2BDA
:101700005AD0FB7D2E2B03D1012387F8273056E0DA
:10171000FB7D2F2B4BD9FB7D392B48D897F82730F1
:10172000002B21D03B6A01333B624FF000023B4B60
:10173000D7E90A01FFF78AF802460B46C7E90A23F0
:10174000FB7D303B1846FEF7EDFED7E90A23FEF796
:1017500053FF02460B46D7E90C01FEF797FD024600
:101760000B46C7E90C2319E04FF000022B4BD7E9D9
:101770000C01FEF741FF02460B4690469946FB7D61
:10178000303B1846FEF7CEFE02460B464046494621
:10179000FEF77CFD02460B46C7E90C23BB7F002BFE
:1017A0000CD0FB7D302B09D00023BB7706E04FF037
:1017B00000024FF0000325E000BF00E000BF07F18A
:1017C000100318460BF02AF807F10C0207F110037A
:1017D000114618460BF00AF80346002B86D1BB7F52
:1017E000002B04D04FF000024FF000030AE0FB7F13
:1017F000002B05D03C6B7B6B83F00045C7E90C45A3
:10180000D7E90C2343EC172BB0EE470AF0EE670A3A
:101810003837BD46BDE8B0830000F03F00002440EB
:1018200080B58AB000AFF860B9607A60FB68D3F821
:101830008030202B0CBF01230023DBB2002B00F0F3
:101840000081FB6893F87830012B01D10223F9E085
:10185000FB68012283F87820FB680022C3F884200B
:10186000FB682222C3F88020FB6801221A6611F06F
:1018700011F93862FB684FF6FE72A3F85820FB6836
:101880004FF6FE72A3F85A20FB689B68B3F5805FA1
:101890000ED1FB681B69002B05D1FB6840F2FF12DB
:1018A000A3F85C202DE0FB68FF22A3F85C2028E071
:1018B000FB689B68002B0DD1FB681B69002B04D1D2
:1018C000FB68FF22A3F85C201BE0FB687F22A3F8E3
:1018D0005C2016E0FB689B68B3F1805F0DD1FB686C
:1018E0001B69002B04D1FB687F22A3F85C2008E071
:1018F000FB683F22A3F85C2003E0FB680022A3F80A
:101900005C20FB68B3F85C30FB83FB689B68B3F535
:10191000805F0AD1FB681B69002B06D100237B6224
:10192000B86815F075FEB86105E0B86815F070FE8E
:1019300078620023BB61FB68002283F878206FE0A7
:10194000FB681B68DB6903F01003102B0CBF01233D
:101950000023DBB2002B14D0FB681B6810221A6234
:10196000B86815F03DFC0346002B14BF012300238B
:10197000DBB2002B05D0FB682022C3F880200023B7
:1019800060E0FB681B68DB6903F02003202B0CBFC1
:1019900001230023DBB2002B28D07B6A002B0ED161
:1019A000FB681B689B8C9BB2DAB2FB8BDBB21340EB
:1019B000BB75BB7D1946B86815F07EFC0DE0FB6871
:1019C0001B689B8C9BB2DAB2FB8BDBB21340FB75BE
:1019D000FB7D1946B86815F06FFCFB68B3F85A3008
:1019E0009BB2013B9AB2FB68A3F85A207B68B3F123
:1019F000FF3F15D011F04EF802463B6AD31A7A68C1
:101A00009A4202D37B68002B01D1012300E000231E
:101A1000002B05D0FB682022C3F88020032311E0AF
:101A2000FB68B3F85A309BB2002B14BF012300238C
:101A3000DBB2002B84D1FB682022C3F88020002376
:101A400000E0022318462837BD4680BD80B483B02D
:101A500000AF786039607B683A681A607B68184626
:101A60000C37BD465DF8047B704780B483B000AF8F
:101A700078607B681B68002B0CBF01230023DBB25E
:101A800018460C37BD465DF8047B704780B582B0C0
:101A900000AF78607B681B68002B06D07B681B68F2
:101AA0001846FEF7E5FB034600E00023184608371A
:101AB000BD4680BD80B483B000AF786039607B687C
:101AC0001A683B6813441B7818460C37BD465DF80E
:101AD000047B704780B582B000AF786039607B6866
:101AE00039681846FFF7B2FF7B6818460837BD46CD
:101AF00080BD80B584B000AF786007F10C037968D1
:101B00001846FFF7E7FFFB6818461037BD4680BD53
:101B100080B485B000AFF860B9607A60FB68BA68DD
:101B20001A60FB687A685A60FB6818461437BD462D
:101B30005DF8047B704780B483B000AF78607B6849
:101B40001B68002B0CBF01230023DBB218460C37A7
:101B5000BD465DF8047B704780B483B000AF786009
:101B60007B685B6818460C37BD465DF8047B7047A0
:101B700080B483B000AF786039607B681A683B68D6
:101B800013441B7818460C37BD465DF8047B70473C
:101B900080B483B000AF786000BF18460C37BD46F4
:101BA0005DF8047B704780B483B000AF78607B68D9
:101BB00000221A607B6800225A607B6801221A7238
:101BC0007B6818460C37BD465DF8047B704780B5CE
:101BD00084B000AFF860B9601346FB71FB68BA6867
:101BE0001A60BB68002B04D0B868FEF741FB0346BF
:101BF00000E00023FA685360FB68FA791A72FB6808
:101C000018461037BD4680BD80B485B000AFF8607F
:101C1000B9607A60FB70FB68BA681A60FB687A6822
:101C20005A60FB68FA781A72FB6818461437BD468A
:101C30005DF8047B704780B483B000AF78607B6848
:101C40001B6818460C37BD465DF8047B704780B4AE
:101C500083B000AF78607B681B7A012B0CBF012337
:101C60000023DBB218460C37BD465DF8047B704795
:101C700080B483B000AF78607B685B6818460C372F
:101C8000BD465DF8047B704780B483B000AF7860D8
:101C90007B681B68002B14BF01230023DBB21846AE
:101CA0000C37BD465DF8047B7047B0B582B000AF1D
:101CB000786039607C683868FFF7BDFF0546386892
:101CC000FFF7D6FF03461A4629462046FFF720FFB6
:101CD0003868FFF7BCFF03461A467B681A727B68B8
:101CE00018460837BD46B0BD80B582B000AF7860F9
:101CF000396039687868FFF7D8FF78680837BD46DB
:101D000080BD80B483B000AF78607B681B681846E4
:101D10000C37BD465DF8047B704780B483B000AFDC
:101D200078607B6818460C37BD465DF8047B7047C9
:101D300080B483B000AF78607B6818460C37BD462E
:101D40005DF8047B704780B483B000AF78607B6837
:101D5000B3F90A30002B06D07B68B3F90A301B01B7
:101D60007A68134400E0002318460C37BD465DF83E
:101D7000047B704780B582B000AF78607868FFF769
:101D8000E2FF034618460837BD4680BD80B483B0E5
:101D900000AF786039603B68002B05D03A687B68FB
:101DA000D31A1B111AB200E000227B685A8100BFCF
:101DB0000C37BD465DF8047B704780B483B000AF3C
:101DC000786039603A687B68D31A1B111AB27B6855
:101DD0005A8100BF0C37BD465DF8047B704780B563
:101DE00084B000AFF860384680E80E003B461846E5
:101DF000FFF72DFF0346002B07D0FB681B7A03F08B
:101E00007F03DAB2FB681A7206E0FB681B7A63F0A4
:101E10007F03DAB2FB681A723B461846FFF70BFFE6
:101E20000246FB68DA6000BF1037BD4680BD80B453
:101E300083B000AF78607B68DB6818460C37BD461E
:101E40005DF8047B704780B483B000AF78607B6836
:101E50001B7A5BB2DBB2DB09DBB218460C37BD463E
:101E60005DF8047B704780B483B000AF78607B6816
:101E700000225A817B6800221A727B680022DA6095
:101E800000BF0C37BD465DF8047B704780B485B059
:101E900000AFF860B9607A60FB68BA681A60FB68E6
:101EA000BA685A60BB68002B03D0BA687B681344D9
:101EB00000E00023FA689360BB68002B03D0BA6887
:101EC0007B68134400E00023FA68D360FB680022BB
:101ED0001A74FB6818461437BD465DF8047B7047DA
:101EE00080B483B000AF78607B681B7C18460C37E9
:101EF000BD465DF8047B704780B582B000AF786066
:101F000078680AF04DFD034618460837BD4680BD87
:101F100080B485B000AFF860B9607A60FB685A6839
:101F2000BB681A60FB689A68FB685B68D31A1A463C
:101F30007B681A6000BF1437BD465DF8047B7047AC
:101F400080B586B000AF786039607B68596807F16A
:101F500008033A6818460AF030FD07F108031946ED
:101F600078680AF03BFD78617B69002B01D07B69C2
:101F700013E07B685B683B617B685A683B681A4486
:101F80007B685A607B685B68591C7A6851600022E4
:101F90001A70786800F03DF83B6918461837BD465E
:101FA00080BD80B483B000AF78607B6801221A7472
:101FB00000BF0C37BD465DF8047B704780B483B02A
:101FC00000AF78607B681A687B685A607B68DA6863
:101FD0007B689A607B6800221A7400BF0C37BD468C
:101FE0005DF8047B704780B483B000AF78603960DF
:101FF0007B685A683B681A447B689B689A4294BF26
:1020000001230023DBB218460C37BD465DF8047B84
:10201000704780B483B000AF786000BF0C37BD4616
:102020005DF8047B704780B584B000AF786039609C
:1020300039687868FFF7D7FF034683F00103DBB206
:10204000002B04D07B6801221A7400230CE07B680B
:102050005B68FB607B685A683B681A447B685A601F
:102060007868FFF7D6FFFB6818461037BD4680BD7D
:1020700080B582B000AF7860396039687868FFF762
:10208000B2FF034683F00103DBB2002B04D07B6870
:1020900001221A74002308E07B689A683B685B425F
:1020A0001A447B689A607B689B6818460837BD466F
:1020B00080BD80B483B000AF78607B6800221A7264
:1020C0007B6818460C37BD465DF8047B704780B5C9
:1020D00082B000AF7860786800F029F80346002BE2
:1020E00001D07B6800E0002318460837BD4680BD5C
:1020F00080B582B000AF78607868FFF7E8FF0346EC
:1021000018460837BD4680BD80B483B000AF786004
:102110007B681B7A03F00803002B14BF0123002304
:10212000DBB218460C37BD465DF8047B704780B4BF
:1021300083B000AF78607B681B7A03F02003002B2C
:1021400014BF01230023DBB218460C37BD465DF8EF
:10215000047B704780B582B000AF7860786800F08B
:1021600094F80346002B0CBF01230023DBB2184672
:102170000837BD4680BD80B582B000AF7860786812
:10218000FFF7C2FF034683F00103DBB218460837AE
:10219000BD4680BD80B582B000AF78600B46FB7055
:1021A0000621786800F080F87B68FA781A7000BF22
:1021B0000837BD4680BD80B584B000AFF86087EDBC
:1021C000000B0C21F86800F06FF8F968D7E90023DC
:1021D000C1E9002300BF1037BD4680BD80B582B085
:1021E00000AF78600021786800F05EF800BF083723
:1021F000BD4680BD80B584B000AFF860384680E849
:102200000E003B461846FFF722FD0346002B04D084
:102210000421F86800F048F803E00521F86800F0B0
:1022200043F83B461846FFF706FD0246FB681A6076
:102230003B461846FFF71CFD0246FB685A6000BF8C
:102240001037BD4680BD80B582B000AF78604021B8
:10225000786800F029F87B68184600F086FA7B68F9
:1022600018460837BD4680BD80B582B000AF7860A3
:102270002021786800F018F87B68184600F075FA9D
:102280007B6818460837BD4680BD80B483B000AF78
:1022900078607B681B7A03F07F03DBB218460C374B
:1022A000BD465DF8047B704780B483B000AF7860B2
:1022B0000B46FB707B681B7A23F07F03DAB27B68E6
:1022C0001A727B681A7AFB781343DAB27B681A7247
:1022D00000BF0C37BD465DF8047B704780B483B007
:1022E00000AF78607B6800221A607B6818460C3764
:1022F000BD465DF8047B704780B483B000AF786062
:1023000039607B683A681A607B6818460C37BD46AE
:102310005DF8047B704780B483B000AF78607B6861
:102320001B6818460C37BD465DF8047B704780B4C7
:1023300085B000AFF860B9607A60FB687A681A60AF
:10234000FB68BA685A60FB6818461437BD465DF8EA
:10235000047B704780B483B000AF786039607B68DD
:102360003A681A607B6818460C37BD465DF8047BF6
:10237000704780B584B000AF78600023FB6006E052
:10238000FB680133FB607868FFF7F4FC78607B68DA
:10239000002BF5D1FB6818461037BD4680BD80B4D0
:1023A00083B000AF78607B6818460C37BD465DF897
:1023B000047B704780B483B000AF78607B680022F4
:1023C0001A607B6818460C37BD465DF8047B704781
:1023D00080B483B000AF786039607B683A681A6077
:1023E0007B6818460C37BD465DF8047B704780B5A6
:1023F00084B000AF78607B681B681846FFF798FCD4
:10240000024607F10C0311461846FFF775FFFB68FB
:1024100018461037BD4680BD80B483B000AF7860E9
:1024200039607B681A683B681B689A420CBF0123BD
:102430000023DBB218460C37BD465DF8047B7047BD
:1024400080B582B000AF78607B681B681846FFF7E4
:1024500091FC02467B681A607B6818460837BD46C7
:1024600080BD90B587B000AF786039607B68184652
:10247000FFF799FB7B680C331846FFF72FFF3B688B
:10248000002B28D03868FFF7D2FC04463868FFF7E5
:10249000DAFC0346002B01D0002200E0012207F104
:1024A000080321461846FFF792FB7B681A4607F19E
:1024B000080303CB106051601B7813723868FFF774
:1024C00037FC024607F1140311461846FFF714FFC4
:1024D0007B687A69DA607B6818461C37BD4690BD18
:1024E00080B483B000AF786039607B683A6807CA0F
:1024F00083E8070078680C37BD465DF8047B7047B9
:1025000080B483B000AF78607B68DB6818460C3716
:10251000BD465DF8047B704780B582B000AF78603F
:1025200039607B6839681846FFF79BFF7B6818465F
:102530000837BD4680BD80B483B000AF78607B684B
:1025400018460C37BD465DF8047B704780B483B0F5
:1025500000AF78607B6800221A607B6818460C37F1
:10256000BD465DF8047B704780B483B000AF7860EF
:1025700039607B683A681A607B6818460C37BD463C
:102580005DF8047B704780B582B000AF7860396039
:102590003B681B6819467868FFF7BEFF7868083704
:1025A000BD4680BD80B483B000AF786039607B6881
:1025B0001A683B681B689A4214BF01230023DBB2F0
:1025C00018460C37BD465DF8047B704780B582B075
:1025D00000AF78607B681B681846FFF7CBFB0246AC
:1025E0007B681A607B6818460837BD4680BD80B49A
:1025F00083B000AF786039607B683A681A607B68A6
:1026000018460C37BD465DF8047B704780B582B034
:1026100000AF78607B681846FFF7D0FC7B68183302
:102620001846FFF7DBFD00BF0837BD4680BD80B50B
:1026300084B000AFF860B9607A60FB687A68B96806
:102640001846FFF723FCFB6818331846FFF731FDE7
:10265000FB6818461037BD4680BD80B483B000AF1C
:1026600078607B6818460C37BD465DF8047B704780
:1026700080B584B000AF78607B6803F1180207F181
:102680000C0311461846FFF737FEFB681846103753
:10269000BD4680BD80B483B000AF78607B681846CB
:1026A0000C37BD465DF8047B704780B483B000AF43
:1026B00078607B68183318460C37BD465DF8047B9C
:1026C000704780B483B000AF78607B6818331846D9
:1026D0000C37BD465DF8047B704780B483B000AF13
:1026E00078607B68183318460C37BD465DF8047B6C
:1026F000704780B584B000AF786039603868FFF704
:10270000FBFBF860FB68002B01D1002317E07B681E
:102710005B68002B09D07B685B68F9681846FFF797
:102720004CFB7B68FA685A6005E07B68FA681A60BF
:102730007B68FA685A60F868FFF795FBFB681846F3
:102740001037BD4680BD80B582B000AF786039607B
:1027500039687868FFF7CDFF03461846FFF71FFE7C
:10276000034618460837BD4680BD80B483B000AF2D
:1027700078607B6800221A607B6800225A6000BF84
:102780000C37BD465DF8047B704780B584B000AF60
:10279000786039607B681B68FB600BE0F868FFF7C6
:1027A000D2FAB860BA683B689A4201D1FB6805E08A
:1027B000BB68FB60FB68002BF0D100231846103784
:1027C000BD4680BD80B584B000AF786039603B689D
:1027D000002B1AD039687868FFF7D7FFF86038689F
:1027E000FFF7B1FAB860FB68002B04D0B968F8684D
:1027F000FFF7CCFA02E07B68BA681A60BB68002B6E
:1028000004D17B68FA685A6000E000BF1037BD460B
:1028100080BD80B582B000AF78607B681B681846C9
:10282000FFF7A7FD034618460837BD4680BD80B5B3
:1028300084B000AF0346FB71012000F035F8F8606A
:1028400002E0FB680233FB60FB681B78002B05D0BD
:10285000FB6801331B78FA799A42F2D1FB681B7846
:1028600018461037BD4680BD80B584B000AF034622
:10287000FB71002000F018F8F860FB681B78002B53
:1028800001D100230CE0FB681B78FA799A4203D14E
:10289000FB6801331B7803E0FB680233FB60ECE765
:1028A00018461037BD4680BD80B483B000AF0346E4
:1028B000FB71FB79002B01D0022300E00023044AC6
:1028C000134418460C37BD465DF8047B704700BFC3
:1028D0005C7E010880B584B000AF786039603B460B
:1028E0001846FFF718FD034600BFFB60FB68002B8E
:1028F00005D07B68F968184600F016FD04E0012257
:1029000000217868FFF763F978681037BD4680BD0D
:1029100090B587B000AF7860396007F10C03796833
:102920001846FFF7D7FF00BF07F10C031846FFF763
:10293000ABF90346002B11D007F10C031846FFF743
:102940007AF9044607F10C031846FFF791F903469C
:102950001A462146386814F0A3FD03E03968786808
:102960000AF0ABF800BF1C37BD4690BD80B483B001
:1029700000AF7860012318460C37BD465DF8047B34
:10298000704780B483B000AF786039607B683A6884
:102990001A607B6818460C37BD465DF8047B7047AB
:1029A00080B596B000AF786039603B687B647B6C23
:1029B000BB617B681B68BB64BB6CFB61FB697B61B3
:1029C000BA697B699A4201D1012398E0BB69002B67
:1029D00002D07B69002B01D1002390E007F118039E
:1029E0007B657B6D1B68002B06D107F12803184619
:1029F000FFF7E0FCBB6A0CE07B6D1B681846FFF735
:102A000080F9024607F12C0311461846FFF7E0FC57
:102A1000FB6A3B617B69002B06D107F13003184646
:102A2000FFF7C8FC3B6B0BE07B691846FFF769F9C1
:102A3000024607F1340311461846FFF7C9FC7B6BC9
:102A4000FB6007F118033B6507F120031846FFF709
:102A5000B1FC3B6A3B6407F1400207F110031146E9
:102A60001846FFF7D9FC034687F84F3007F12403D7
:102A70001846FFF79FFC7B6AFB6307F13C0207F1F6
:102A80000C0311461846FFF7C7FC034687F84E3083
:102A900097F84F30002B05D097F84E30002B01D01F
:102AA00001232CE097F84F30002B03D197F84E30DC
:102AB000002B01D0002322E007F110031846FFF796
:102AC00096FC0346BB6307F10C031846FFF78FFC27
:102AD000024607F138031146184609F0C0FF0346C5
:102AE000002B01D000230AE007F110031846FFF77E
:102AF000A7FC07F10C031846FFF7A2FCA1E7002B87
:102B000001D0012300E0002318465837BD4680BDA0
:102B100080B483B000AF786039607B683A681A602F
:102B20007B6818460C37BD465DF8047B704780B55E
:102B30009EB000AF7860396007F114033968184619
:102B4000FFF755FD7B681A6807F118031146184610
:102B5000FFF74DFDBB693B617A693B699A4201D140
:102B600001239EE07B69002B02D03B69002B01D141
:102B7000002396E000237B6707F114033B673B6F5C
:102B80001B68002B06D107F130031846FFF7DEFC67
:102B90003B6B0CE03B6F1B681846FFF7B2F8024630
:102BA00007F1340311461846FFF7DEFC7B6BFB6030
:102BB00051E007F1580307F10C0211461846FFF7E0
:102BC000E2FC07F158031846FFF7B5FC0346184628
:102BD000FFF796FC0346BB6607F13C0307F10C02C6
:102BE00011461846FFF7CFFC07F13C031846FFF7E4
:102BF000A2FC024607F14C0311461846FFF770FC91
:102C000007F1240307F14C021146184609F03AFF78
:102C100007F1100007F124030ECB0AF0EEFB024689
:102C200007F1200311461846FFF766FB3B6A1A4678
:102C300007F168031146184609F011FF0346002BFF
:102C400001D000232DE07B6F01337B6707F10C037C
:102C50001846FFF7BBFC07F11403FB6607F11C03E2
:102C60001846FFF773FCFB69BB6307F1380207F1F5
:102C70000C0311461846FFF795FC0346002B98D12C
:102C80003B69002B05D03B691846FFF7C2FD0346A0
:102C900001E0002300BF7A6F9A420CBF012300239A
:102CA000DBB2002B01D0012300E000231846783767
:102CB000BD4680BD80B485B000AFF860B9607A6071
:102CC000FB68BA681A60FB687A685A60FB68184645
:102CD0001437BD465DF8047B704780B586B000AF01
:102CE000F860B9607A60FB685B687A689A4202D9DA
:102CF000FB685B6800E07B687B61FB681B687A6946
:102D00001946B86814F07AFF38613B69002B01DA84
:102D1000042305E03B69002B01DD022300E00123D1
:102D200018461837BD4680BD80B483B000AF7860C8
:102D300039607B683A681A607B6818460C37BD4674
:102D40005DF8047B704780B584B000AF786039606F
:102D500007F10C0339681846FFF713FE07F10C035F
:102D60001946786809F0B7FE034618461037BD4685
:102D700080BD80B584B000AF7860396007F10C0386
:102D800039681846FFF7C4FE07F10C031946786846
:102D900009F0BDFE034618461037BD4680BD80B51C
:102DA00086B000AFF86087ED000B07F1100397EDD8
:102DB000000B184609F0C7FE07F110031946F86822
:102DC00009F0D3FE034618461837BD4680BD80B5CE
:102DD00086B000AFF860B9607A6007F11403B96893
:102DE000184609F0DEFE07F114031946F86809F0E9
:102DF000E7FE034618461837BD4680BD80B586B04D
:102E000000AFF860B9607A6007F110037A68B968BA
:102E10001846FFF74FFF07F110031946F86809F04D
:102E2000EBFE034618461837BD4680BD80B586B018
:102E300000AFF860C7E9002307F11001D7E90023CC
:102E4000084609F0F5FE07F110031946F86809F085
:102E500001FF034618461837BD4680BD80B586B0D1
:102E600000AFF860C7E9002307F11001D7E900239C
:102E7000084609F00BFF07F110031946F86809F03E
:102E800017FF034618461837BD4680BD80B584B08D
:102E900000AF78600B46FB70FA7807F10C0311461F
:102EA000184609F021FF07F10C031946786809F06C
:102EB0002BFF034618461037BD4680BD80B584B051
:102EC00000AF786007F10C031946786809F038FF05
:102ED000034618461037BD4680BD80B483B000AFAE
:102EE0000346FB71FB792F2B04D9FB79392B01D8D1
:102EF000012300E0002318460C37BD465DF8047B33
:102F000070470000000000002DE9B04F2DED028B4E
:102F1000A6B000AF78653965002387F897307B6DE0
:102F20001B782B2B08D02D2B0AD1012387F8973043
:102F30007B6D01337B6503E07B6D01337B6500BFF7
:102F40007B6D1B781846FFF7C8FF034683F001032B
:102F5000DBB2002B05D07B6D1B782E2B01D001231B
:102F600000E00023002B01D00023D5E14FF0000248
:102F70004FF00003C7E922230023A7F886304FF063
:102F8000FF324FF0FF33C7E91C2354E07B6D1B7801
:102F9000303B87F86F30D7E9222312F1663FBA49F8
:102FA0008B4151D2D7E9224522462B464FF00000F3
:102FB0004FF00001990041EA9271900002460B46E1
:102FC00012EB040843EB050918EB0803BB6149EB5E
:102FD0000903FB61D7E90689C7E9228997F86F30B1
:102FE00000223B647A64D7E910120B46DB43BB63D3
:102FF0001346DB43FB63D7E92223D7E90E4521467D
:103000009142294671EB030320D397F86F300022D9
:103010003B637A63D7E92223D7E90C45214651184F
:10302000396129464B417B61D7E90434C7E9223431
:103030007B6D01337B657B6D1B781846FFF74DFF79
:103040000346002BA2D102E000BF00E000BF7B6D71
:103050001B78002B38D197F89730002B1AD04FF0FF
:1030600000024FF00043C7E91823D7E92223012AC1
:1030700073F1004328D2D7E9222300215042B862DD
:1030800061EB0303FB62D7E90A23386D09F074FE94
:10309000012341E1D7E92223386D09F080FE0123A5
:1030A0003AE1D7E922014FF00A024FF00003FDF7A1
:1030B00085FD02460B46C7E92223B7F986309BB24D
:1030C00001339BB2A7F88630D7E92223B3F5801FDE
:1030D000E7D209E0B7F986309BB201339BB2A7F87B
:1030E00086307B6D01337B657B6D1B781846FFF75F
:1030F000F4FE0346002BEDD17B6D1B782E2B4CD1BB
:103100007B6D01337B6540E0D7E92223B2F1993F23
:103110005E498B4136D2D7E9224522462B464FF0F5
:1031200000004FF00001990041EA927190000246C0
:103130000B4612EB040A43EB050B1AEB0A03BB60C8
:103140004BEB0B03FB60D7E902AB52465B46796D54
:1031500009783039C9B2C9B2002039627862D7E93A
:10316000084521465118396029464B417B60D7E913
:103170000034C7E92234B7F986309BB2013B9BB2D9
:10318000A7F886307B6D01337B657B6D1B78184615
:10319000FFF7A3FE0346002BB6D10023C7F880300B
:1031A0007B6D1B78652B04D07B6D1B78452B40F025
:1031B00083807B6D01337B65002387F87F307B6DD7
:1031C0001B782D2B06D1012387F87F307B6D0133CF
:1031D0007B6560E07B6D1B782B2B5CD17B6D0133B5
:1031E0007B6558E0D7F8802013469B0013445B00B2
:1031F0001A467B6D1B78303B1344C7F88030B7F913
:103200008620D7F880301344B3F59A7F40DD97F8D5
:103210007F30002B10D097F89730002B02D09FED15
:10322000167B01E09FED167BB0EE470AF0EE670AD1
:10323000386DFEF7C0FF1BE097F89730002B0AD0DF
:1032400009F0C0FD53EC102B08EE102A83F0004368
:1032500008EE903A05E009F0B5FDB0EE408AF0EED8
:10326000608AB0EE480AF0EE680A386DFEF7A3FFF8
:10327000012351E0AFF30080000000000000008057
:103280000000000000000000999999199999010027
:103290007B6D01337B657B6D1B781846FFF71DFE48
:1032A0000346002B9ED197F87F30002B04D0D7F82F
:1032B00080305B42C7F88030B7F98630D7F880207D
:1032C0001344C7F880307B6D1B78002B01D000239E
:1032D00022E0D7E92201FDF759F902460B46D7F85B
:1032E000800043EC102B09F07FFD87ED160B97F85B
:1032F0009730002B06D0BB6DBB64FB6D83F00043A1
:10330000FB6403E097ED167B87ED127B97ED120BC4
:10331000386DFEF750FF012318469837BD46BDECC7
:10332000028BBDE8B08F00BF80B582B000AF78607F
:1033300039603868FEF7A9FF0346042B02D0052B3D
:1033400009D011E03B6819683B685A680123786826
:10335000FEF75AFC0BE03B6819683B685A6800238B
:103360007868FEF751FC02E07868FEF71CFC78688C
:103370000837BD4680BD80B483B000AF78600B468F
:10338000FB707B68FA781A707B6818460C37BD466C
:103390005DF8047B704780B483B000AF7860012390
:1033A00018460C37BD465DF8047B704780B483B087
:1033B00000AF7860012318460C37BD465DF8047BEA
:1033C000704780B483B000AF7860012318460C3793
:1033D000BD465DF8047B704780B483B000AF786071
:1033E000012318460C37BD465DF8047B704780B456
:1033F00083B000AF78607B680A221A707B68184639
:103400000C37BD465DF8047B704780B483B000AFD5
:1034100078600B46FB707B68FA781A707B681846F8
:103420000C37BD465DF8047B704780B584B000AFB3
:1034300078607B681B78013BDAB207F10C03114618
:103440001846FFF7E2FF3B7B18461037BD4680BDAC
:1034500080B483B000AF78607B681B78002B0CBF12
:1034600001230023DBB218460C37BD465DF8047B10
:10347000704780B485B000AF38713B797B7300230F
:103480003A7B62F307037A7B62F30F231846143703
:10349000BD465DF8047B704780B483B000AF7860B0
:1034A00039607B683A681A607B6818460C37BD46FD
:1034B0005DF8047B704780B582B000AF78607B68B0
:1034C00018687B68191D7B680C331A46FEF720FDCF
:1034D0007B6800229A607B68DB68002B04D17B68E4
:1034E0001B681846FEF75DFD00BF0837BD4680BD6E
:1034F00080B582B000AF786039603B681A683B687D
:103500009B6819461046FEF71BFD01463B689A680A
:1035100000237868FEF778FB78680837BD4680BDE1
:1035200080B582B000AF78600B46FB707B689B680B
:103530005A1C7B68DB689A420AD27B685A687B68AF
:103540009B68581C796888601344FA781A7004E004
:103550007B681B681846FEF724FD00BF0837BD4690
:1035600080BD80B582B000AF78607B681B6818466C
:10357000FEF7B6FC034683F00103DBB218460837BA
:10358000BD4680BD80B582B000AF786039603B68D1
:103590005A683B689B68134400221A703B6859685C
:1035A0003B689A6800237868FEF72EFB7868083736
:1035B000BD4680BD80B483B000AF0346FB80FB886E
:1035C000B3F5584F05D3FB88B3F55C4F01D2012307
:1035D00000E0002318460C37BD465DF8047B7047B9
:1035E00080B483B000AF0346FB80FB88B3F55C4F2B
:1035F00005D3FB88B3F5604F01D2012300E000231F
:1036000018460C37BD465DF8047B704780B483B024
:1036100000AF78607B6800221A807B6800225A60C5
:103620007B6818460C37BD465DF8047B704780B553
:1036300082B000AF78600B467B807B881846FFF72E
:10364000B9FF0346002B07D07B88C3F309039AB266
:103650007B681A80002318E07B881846FFF7C0FFBC
:103660000346002B0DD07B681B889A027B88C3F32E
:103670000903134303F580331A467B685A6001231C
:1036800003E07A887B685A60012318460837BD46F4
:1036900080BD80B483B000AF78607B685B681846FB
:1036A0000C37BD465DF8047B7047000090B583B0D1
:1036B00000AF78607B680F4AA2FB0323DC0811F09F
:1036C00023FC03460C4AA2FB03239B0C04FB03F3DD
:1036D0007B6002E07B68013B7B607B68002B14BF52
:1036E00001230023DBB2002BF4D100BF00BF0C3755
:1036F000BD4690BDCDCCCCCC83DE1B4380B400AFA7
:10370000034B02221A7000BFBD465DF8047B704770
:103710000200002090B587B000AFF860B9607A6011
:10372000FB70FC6807F11403184613F0C7FB07F1A0
:1037300014031A461B49204614F07CF807F11403C1
:10374000184613F0BDFBF9684FF00002164BC1E9B3
:103750000623164B1B780133DAB2144B1A70134B45
:103760001A78FB6883F82020FB68002283F8212068
:10377000FB682433184609F07CFBBB68002B03D0A0
:10378000F968B86809F0B4FBFB687968184613F06B
:10379000F0FCFB68FA7883F82120FB6818461C3798
:1037A000BD4690BD707E01080000F03F4001002042
:1037B00090B585B000AF78607B680833184613F089
:1037C000A1FC7B6803F1200407F10C03184613F0F9
:1037D00075FB07F10C031A460649204614F02AF837
:1037E00007F10C03184613F06BFB7B68184614377F
:1037F000BD4690BD707E010880B483B000AF786094
:103800007B6893F8203018460C37BD465DF8047B82
:10381000704780B483B000AF78607B6818460C377F
:10382000BD465DF8047B704780B483B000AF78601C
:103830007B68D3E9062343EC172BB0EE470AF0EE82
:10384000670A0C37BD465DF8047B704780B485B0CD
:1038500000AFF86087ED000BF968D7E90023C1E9F4
:10386000062300BF1437BD465DF8047B704780B562
:1038700084B000AFF860B9601346FB80FB881A463D
:10388000B968F86800F005F8FB6818461037BD46BF
:1038900080BD80B485B000AFF860B9601346FB808E
:1038A000FB68FA889A80FB68BA681A6000BF143710
:1038B000BD465DF8047B704780B584B000AFF8600A
:1038C0000B467A60FB72FB681868FB689988FB7A84
:1038D000002B01D0012300E000231A4610F0E2FC87
:1038E0007868FFF7E3FE00BF1037BD4680BD80B5A6
:1038F00084B000AFF8607A603B600B46FB72FB7AE5
:103900007A681946F868FFF7D7FFFB7A83F001035E
:10391000DBB23A681946F868FFF7CEFF00BF1037F0
:10392000BD4680BD80B485B000AFF860B9607A60F4
:103930003B60FB68BA681A60FB687A685A60FB688B
:103940003A689A60FB6818461437BD465DF8047BF8
:103950007047000080B483B000AF0346FB71064A95
:10396000FB791370054AFB79137000BF0C37BD4615
:103970005DF8047B704700BF7001002071010020DA
:1039800080B483B000AF0346FB71044AFB79137027
:1039900000BF0C37BD465DF8047B70477001002006
:1039A00080B400AF034B1B78DBB21846BD465DF810
:1039B000047B70477001002080B483B000AF0346E1
:1039C000FB71044AFB79137000BF0C37BD465DF8EC
:1039D000047B70477101002080B400AF034B1B785B
:1039E000DBB21846BD465DF8047B704771010020CC
:1039F00080B582B000AF0346FB71FFF7EDFF0346D1
:103A00001946054809F0C5FAFB791846FFF7D4FFB7
:103A100000BF0837BD4680BD7401002080B500AFEF
:103A2000044809F0CBFA03461846FFF7C5FF00BF6C
:103A300080BD00BF7401002080B582B000AF034696
:103A4000FB71FFF7ADFF03461946054809F0A1FADF
:103A5000FB791846FFF794FF00BF0837BD4680BDCD
:103A60007C01002080B500AF044809F0A7FA0346A6
:103A70001846FFF785FF00BF80BD00BF7C01002016
:103A800080B400AF084B1B78DBB2002B04D1074B8E
:103A90001B78DBB2002B01D0012300E00023184685
:103AA000BD465DF8047B7047700100207101002065
:103AB00080B582B000AF0346FB71FB791846FFF773
:103AC00097FFFB791846FFF7B7FF00BF0837BD46E1
:103AD00080BD80B500AFFFF7A1FFFFF7C3FF00BFB8
:103AE00080BD80B584B000AFF860B9607A60FB68D3
:103AF0000433184613F006FBFB68BA681A60FB68CB
:103B000004337968184613F034FBFB681846103705
:103B1000BD4680BD80B584B000AFF860B9607A6002
:103B2000F86813F0EFFAFFF73BFF0346002B0FD0C6
:103B3000BB681B68184612F067FCBB681B687A6894
:103B4000F9681846FDF76CFE02E0F86813F0D8FB40
:103B5000F86813F08DFB03461B780A2B06D0F86833
:103B600013F086FB03461B780D2B01D1012300E0E7
:103B70000023002BE9D100BFF8681037BD4680BD97
:103B8000B0B582B000AF78603960FFF709FF034637
:103B9000002B15D07B681B68184612F035FC7B683B
:103BA0001C68386813F034FD0546386813F018FBBC
:103BB00003469AB24FF0FF332946204612F072FCBA
:103BC00000BF0837BD46B0BD80B582B000AF786099
:103BD00039603B6804331946786813F0F7FD78685C
:103BE0000837BD4680BD000090B58BB000AF78604F
:103BF00039607B681C1D07F10803184613F05EF955
:103C000007F108031A465949204613F013FE07F13D
:103C10000803184613F054F97B6803F11C0407F1FC
:103C20000C03184613F04AF907F10C031A464F49E2
:103C3000204613F0FFFD07F10C03184613F040F97E
:103C40007B6803F1340407F11003184613F036F9CA
:103C500007F110031A464549204613F0EBFD07F122
:103C60001003184613F02CF97B6803F14C0407F19C
:103C70001403184613F022F907F114031A463B49BE
:103C8000204613F0D7FD07F11403184613F018F976
:103C90007B6803F1640407F11803184613F00EF96A
:103CA00007F118031A463149204613F0C3FD07F106
:103CB0001803184613F004F97B68002283F87C206F
:103CC0007B68002283F87D207B68E433402228490A
:103CD0001846FFF7CCFD7B68EC3380222449184658
:103CE000FFF7C5FD7B6803F1F40407F11C031846D8
:103CF00013F0E4F807F11C031A461E49204613F09E
:103D000099FD07F11C03184613F0DAF87B6803F5F8
:103D1000867407F12003184613F0D0F807F120034A
:103D20001A461549204613F085FD07F12003184671
:103D300013F0C6F87B6803F5927407F12403184664
:103D400013F0BCF807F124031A460C49204613F07F
:103D500071FD07F12403184613F0B2F87B683A6846
:103D60001A607B6818462C37BD4690BD707E0108EE
:103D700000080048747E01087C7E0108847E0108EA
:103D800080B582B000AF78607B6803F1E400084B37
:103D9000084A0021FFF7ABFD7B6803F1EC00054BFF
:103DA000054A0121FFF7A3FD00BF0837BD4680BDCE
:103DB00040420F0080841E00C0C62D0080B582B036
:103DC00000AF786039603B684C331946786813F06F
:103DD000FDFC3B684C33184613F02DFA00BF7868A1
:103DE0000837BD4680BD80B483B000AF78607B6883
:103DF0005B6818460C37BD465DF8047B704780B49D
:103E000083B000AF78607B685B6818460C37BD46AE
:103E10005DF8047B7047000082B0B0B5ADF5287D39
:103E200000AF07F52874A4F52574206007F5287005
:103E3000A0F52670016007F52871A1F527710A60C9
:103E4000C7F8B432B54B1B78DBB2022B0CBF012391
:103E50000023DBB2002B00F0BC83FFF74FFC07F11F
:103E60005C03184613F02AF807F15C0307F14400DD
:103E7000202241F2883113F053F907F15C03184610
:103E800013F01EF807F16003184613F017F807F156
:103E9000600307F12C00202241F2883113F040F931
:103EA00007F16003184613F00BF807F114031846E6
:103EB00013F028F907F14403184613F0BCF907F58D
:103EC0002873A3F527730D21186813F0D6F907F5A9
:103ED0002873A3F527730A21186813F0CEF951E36C
:103EE00007F52873A3F5FA7007F52873A3F5277370
:103EF0001A688B4908F03AFC07F52873A3F5037399
:103F000007F1AC01874A184609F072F8B7F8BC32DD
:103F10001846FCF7F7FA04460D4607F52873A3F593
:103F2000EE730022002145EC104B1846FDF7FCFA19
:103F300007F52873A3F5097307F1C40207F194018B
:103F4000184608F09AFC07F52873A3F50F7307F1DC
:103F50007C01754A184609F04BF807F164031946CD
:103F60007248FFF70DFE07F16403184613F0FBF8E3
:103F700007F17C03184613F0F6F807F1C40318465E
:103F800013F0F1F807F19403184613F0ECF807F179
:103F9000AC03184613F0E7F807F52873A3F5BE70D5
:103FA00007F52873A3F527731A68614908F0DEFB4B
:103FB00007F52873A3F5CA7307F59271594A184695
:103FC00009F016F8B7F8BC321846FCF79BFA04461D
:103FD0000D4607F52873A3F5B2730022002145ECC6
:103FE000104B1846FDF7A0FA07F52873A3F5D67312
:103FF00007F59E7207F58671184608F03EFC07F536
:104000002873A3F5E27307F1F401474A184608F054
:10401000EFFF07F1DC0207F52873A3F526731146BD
:10402000186801F017FB07F1DC03184613F09BF842
:1040300007F1F403184613F096F807F59E73184637
:1040400013F091F807F58673184613F08CF807F50E
:104050009273184613F087F807F52873A3F52673B3
:104060001B681B68184612F0CFF907F52873A3F5F3
:1040700026731B681C6807F52873A3F52773186857
:1040800013F0C6FA054607F52873A3F527731868D9
:1040900013F0A6F803469AB26FF0010329462046B2
:1040A00012F000FA0023C7F89C3274E007F12C03E9
:1040B000184613F0C0F8FFF721FB07F52873A3F5A6
:1040C00026731B681C6807F52D73184608F0A7FFB8
:1040D0000246D7F89C329B0013441A6807F12C0360
:1040E00019462046FDF79CFBFFF708FB07F53073E8
:1040F0001846FFF784FE0246D7F89C32934219D245
:1041000007F53073184608F096FF0146D7F89C2251
:1041100013465B001344DB000B440CE0000000205E
:104120008C7E0108987E0108A87E01088401002089
:10413000AC7E0108002307F12C0107F52872A2F5D7
:1041400026701A46006800F06FFD03461A4607F510
:104150002873A3F526731B6883F87E2007F5287360
:10416000A3F5A67307F12C0207F14401184608F0E5
:104170006EFF07F5AA7207F144031146184612F0C4
:10418000FEFF07F5AA73184612F0EDFFD7F89C3230
:104190000133C7F89C3207F52D731846FFF723FE4D
:1041A0000246D7F89C32934234BF01230023DBB28E
:1041B000002B7FF47BAF07F52873A3F526731B68EC
:1041C00093F87E30DBB2022B0CBF01230023DBB25D
:1041D000002B3ED007F5C273184612F06FFE07F5AC
:1041E000C27207F5B673DB49184613F023FB07F5D7
:1041F000B6731946D848FFF7C3FC07F5B6731846DF
:1042000012F0B1FF07F5C273184612F059FE07F518
:10421000D073184612F052FE07F5D07207F5C4733A
:10422000CC49184613F006FB07F5C47207F528734E
:10423000A3F526731146186801F00CFA07F5C4734C
:10424000184612F090FF07F5D073184612F038FEAA
:104250003DE007F5DE73184612F030FE07F5DE721A
:1042600007F5D273BD49184613F0E4FA07F5D27288
:1042700007F52873A3F526731146186801F0EAF9CB
:1042800007F5D273184612F06EFF07F5DE73184675
:1042900012F016FE07F5EC73184612F00FFE07F544
:1042A000EC7207F5E073AD49184613F0C3FA07F551
:1042B000E0731946A848FFF763FC07F5E07318465A
:1042C00012F051FF07F5EC73184612F0F9FD07F5EF
:1042D000EE7307F14401A24A184608F0BBFA07F54D
:1042E000EE7319469C48FFF74BFC07F5EE73184632
:1042F00012F039FF07F5FA7307F14401984A18469E
:1043000008F0A8FA07F5FA7207F52873A3F52673E3
:104310001146186801F09EF907F5FA73184612F075
:1043200022FF07F1440300228E49184613F0ACF92E
:10433000C7F8980207F1440300228B49184613F08E
:10434000A3F9C7F89402D7F89832B3F1FF3F40D0F1
:1043500007F14403D7F898220A21184613F0A3F96D
:10436000C7F8900207F52873A3F526731B6803F1BD
:104370003404D7F89022D7F89832D31A07F503708F
:1043800007F14401D7F8982213F08CFA07F503736C
:104390001946204612F0F3FE07F50373184612F093
:1043A000E2FE07F52873A3F526731B6803F13402B8
:1043B00007F509736D49184608F0D8F907F5097330
:1043C00019466548FFF7DCFB07F50973184612F03C
:1043D000CAFED7F89432B3F1FF3F70D007F144031F
:1043E000D7F894220A21184613F05DF9C7F88C0219
:1043F00007F50F7007F14401D7F88C32D7F89422F3
:1044000013F050FA07F50F7207F11403114618461E
:1044100012F0B5FE07F50F73184612F0A4FE07F16F
:1044200014034FF0FF322C21184613F092F9C7F80D
:104430008802D7F88832B3F1FF3F40D0D7F88832EE
:104440005A1C07F5157007F114014FF0FF3313F0F4
:1044500029FA07F5157207F114031146184612F0F0
:104460008EFE07F51573184612F07DFE04E007F185
:104470001403184612F044FF07F11403184612F013
:10448000F7FE03461B780A2B08D007F114031846E1
:1044900012F0EEFE03461B780D2B01D1012300E044
:1044A0000023002BE3D107F52873A3F526731B68BF
:1044B0004C3307F114021146184612F05AFEFFF76A
:1044C0001DF907F52873A3F526731B6893F87E3052
:1044D000DBB2022B09D007F52873A3F526731B68FE
:1044E00093F87E30DBB2042B01D1012300E00023DE
:1044F000002B0DD01E4B02221A7007F1440207F563
:104500002873A3F525731146186812F012FE50E0C7
:1045100007F52873A3F526731B6893F87E30DBB28A
:10452000052B09D107F52873A3F526731B6893F8AB
:104530007E30DBB2062B01D0012300E00023002BEC
:104540001CD0B7F8BC32012B14D9094B01221A70C8
:1045500018E000BFB47E010884010020BC7E010881
:10456000C47E0108CC7E0108D87E0108E47E0108E3
:1045700000000020364B00221A7003E0344B00226A
:104580001A700CE0B7F8BC325A1EA7F8BC22002BF8
:1045900014BF01230023DBB2002B7FF4A1AC07F191
:1045A000440207F52873A3F525731146186812F025
:1045B000C0FD07F11403184612F0D5FD07F12C03D6
:1045C000184612F0D0FD07F14403184612F0CBFD57
:1045D00028E007F51B7007F52873A3F527731A6801
:1045E0001C4908F0C3F807F51B7319461A48FFF772
:1045F000C7FA07F51B73184612F0B5FD07F52173CE
:10460000184612F05BFC07F5217207F52873A3F535
:1046100025731249186813F00DF907F52173184630
:1046200012F04EFC07F52873A3F5257307F52872E1
:10463000A2F5257212681A6007F52873A3F5257391
:10464000186807F52877BD46BDE8B04002B070474E
:1046500000000020F47E010884010020707E010823
:10466000B0B5FCB000AF07F5F874A4F5F2742060A3
:1046700007F5F870A0F5F470016007F5F871A1F581
:10468000F87181E80C00A84B1B78DBB2022B0CBF41
:1046900001230023DBB2002B00F0A082FFF72EF8ED
:1046A00007F12803184612F009FC07F1280307F167
:1046B0001000202241F2883112F032FD07F1280368
:1046C000184612F0FDFBD7F80C0212F0B4FD07F506
:1046D000F873A3F5F4730D21186812F0CEFD07F5F9
:1046E000F873A3F5F4730A21186812F0C6FD62E2AC
:1046F00007F5F873A3F5BE7007F5F873A3F5F47327
:104700001A688A4908F032F807F5F873A3F5CA73F6
:1047100007F17401864A184608F06AFCB7F80032BF
:104720001846FBF7EFFE04460D4607F5F873A3F5B0
:10473000B2730022002145EC104B1846FCF7F4FE42
:1047400007F5F873A3F5D67307F18C0207F15C0146
:10475000184608F092F807F5F873A3F5E27307F12D
:104760004401744A184608F043FC07F12C0319462B
:104770007148FFF705FA07F12C03184612F0F3FC15
:1047800007F14403184612F0EEFC07F18C031846BB
:1047900012F0E9FC07F15C03184612F0E4FC07F1A3
:1047A0007403184612F0DFFC07F5F873A3F5827066
:1047B00007F5F873A3F5F4731A68604907F0D6FF9C
:1047C00007F5F873A3F58E7307F1EC01584A184604
:1047D00008F00EFCB7F800321846FBF793FE0446CB
:1047E0000D4607F582730022002145EC104B184658
:1047F000FCF79AFE07F5F873A3F59A7307F5827232
:1048000007F1D401184608F038F807F5F873A3F556
:10481000A67307F1BC01474A184608F0E9FB07F107
:10482000A40207F5F873A3F5F2731146186800F0B7
:1048300011FF07F1A403184612F095FC07F1BC0321
:10484000184612F090FC07F58273184612F08BFCA4
:1048500007F1D403184612F086FC07F1EC03184662
:1048600012F081FC07F5F873A3F5F2731B681B685F
:10487000184611F0C9FD07F5F873A3F5F2731B682C
:104880001C6807F5F873A3F5F473186812F0C0FEFE
:10489000054607F5F873A3F5F473186812F0A0FC49
:1048A00003469AB26FF001032946204611F0FAFD43
:1048B0000023C7F8EC3171E007F11003184612F03D
:1048C000BAFCFEF71BFF07F5F873A3F5F2731B683C
:1048D0001C683B46184608F0A2FB0246D7F8EC31AC
:1048E0009B0013441A6807F1100319462046FCF791
:1048F00097FFFEF703FF07F501731846FFF77FFAEE
:104900000246D7F8EC3193421AD207F501731846E4
:1049100008F091FB0146D7F8EC2113465B001344E5
:10492000DB000B440DE000BF000000208C7E01087E
:10493000987E0108A87E010884010020AC7E010851
:10494000002307F1100107F5F872A2F5F2701A467C
:10495000006800F069F903461A4607F5F873A3F5F5
:10496000F2731B6883F87E2007F58E7307F110023F
:10497000D7F80C12184608F06AFB07F58E73194633
:10498000D7F80C0212F0FBFB07F58E73184612F0F5
:10499000EAFBD7F8EC310133C7F8EC313B46184657
:1049A000FFF721FA0246D7F8EC31934234BF0123D6
:1049B0000023DBB2002B7FF47FAF07F5F873A3F57C
:1049C000F2731B6893F87E30DBB2022B0CBF01231D
:1049D0000023DBB2002B3ED007F5A673184612F079
:1049E0006DFA07F5A67207F59A738949184612F011
:1049F00021FF07F59A7319468648FFF7C1F807F5B6
:104A00009A73184612F0AFFB07F5A673184612F01A
:104A100057FA07F5B473184612F050FA07F5B47256
:104A200007F5A8737A49184612F004FF07F5A87233
:104A300007F5F873A3F5F2731146186800F00AFE43
:104A400007F5A873184612F08EFB07F5B4731846E5
:104A500012F036FA3DE007F5C273184612F02EFA4E
:104A600007F5C27207F5B6736B49184612F0E2FEFD
:104A700007F5B67207F5F873A3F5F27311461868D7
:104A800000F0E8FD07F5B673184612F06CFB07F569
:104A9000C273184612F014FA07F5D073184612F0D4
:104AA0000DFA07F5D07207F5C4735B49184612F08A
:104AB000C1FE07F5C47319465648FFF761F807F5BC
:104AC000C473184612F04FFB07F5D073184612F066
:104AD000F7F907F5D273514AD7F80C12184607F0C8
:104AE000B9FE07F5D27319464A48FFF749F807F5AA
:104AF000D273184612F037FB07F5DE73474AD7F832
:104B00000C12184607F0A6FE07F5DE7207F5F873DB
:104B1000A3F5F2731146186800F09CFD07F5DE73EB
:104B2000184612F020FBFEF7E9FD07F5F873A3F530
:104B3000F2731B6893F87E30DBB2022B09D007F5C5
:104B4000F873A3F5F2731B6893F87E30DBB2042B85
:104B500001D1012300E00023002B03D0304B0222BF
:104B60001A7028E007F5F873A3F5F2731B6893F841
:104B70007E30DBB2052B09D107F5F873A3F5F2738C
:104B80001B6893F87E30DBB2062B01D0012300E0D6
:104B90000023002B0BD0B7F80032012B03D9204B98
:104BA00001221A7007E01E4B00221A7003E01C4B12
:104BB00000221A700CE0B7F800325A1EA7F8002243
:104BC000002B14BF01230023DBB2002B7FF490AD38
:104BD00007F11003184612F0C6FA14E007F5EA7060
:104BE00007F5F873A3F5F4731A680E4907F0BEFDD4
:104BF00007F5EA7319460748FEF7C2FF07F5EA739F
:104C0000184612F0B0FA00BF07F5F877BD46B0BD00
:104C1000B47E010884010020BC7E0108C47E010826
:104C200000000020F47E010890B585B000AFF86068
:104C3000B9607A607B68002B01D1022363E0BC6815
:104C4000786812F0E5FC034600221946204612F06F
:104C50001BFD0346B3F1FF3F06D12D49786808F0EC
:104C600009FA0346002B01D0012300E00023002BAA
:104C700048D0BC68786812F0CBFC03460022194685
:104C8000204612F001FD0346B3F1FF3F06D1204953
:104C9000786808F0EFF90346002B01D0012300E00B
:104CA0000023002B01D002232DE000221949B8680F
:104CB00012F0EAFC0346B3F1FF3F0CBF01230023CF
:104CC000DBB2002B1ED000221249B86812F0DCFCC7
:104CD0000346B3F1FF3F0CBF01230023DBB2002BDF
:104CE00001D006230FE0B86812F07AFA0346002BD1
:104CF0000CBF01230023DBB2002B01D0052302E00F
:104D0000072300E0072318461437BD4690BD00BFB7
:104D1000707E0108047F0108B0B5C2B004AF7860AE
:104D2000396007F108033A686749184607F01EFD25
:104D300007F15003184612F0C1F807F1500207F1CD
:104D400038036249184612F075FD4FF4FA63FB65AB
:104D500007F15C037B650123BB6507F1080207F1DE
:104D600068031146184612F031FD07F168033B66EF
:104D700001237B6607F1200407F1380202AD07F139
:104D8000600393E8030085E8030001230193BB6DF2
:104D900000937B6D79682046FFF73EF807F120030A
:104DA000184612F0E0F907F16804183407F16803B7
:104DB0009C4204D0183C204612F0D5F9F6E707F1E2
:104DC0003803184612F0CFF907F15003184612F0D5
:104DD00077F83F4B1B78DBB2022B14BF0123002373
:104DE000DBB2002B67D03A4B02221A7007F1B003F6
:104DF00007F108023749184607F0B8FC07F1980395
:104E000007F1B001344A184608F0F2F84FF4FA639B
:104E1000C7F8D03007F1D003C7F8C8300123C7F86E
:104E2000CC3007F1F403184612F048F807F1F40209
:104E300007F1DC032949184612F0FCFC07F1DC03FA
:104E4000C7F8D4300123C7F8D83007F1800407F140
:104E5000980202AD07F1D40393E8030085E803004C
:104E600001230193D7F8CC300093D7F8C830796884
:104E70002046FEF7D1FF07F18003184612F073F9C0
:104E800007F1DC04183407F1DC039C4204D0183C21
:104E9000204612F068F9F6E707F1F403184612F01D
:104EA0000FF807F19803184612F05DF907F1B00307
:104EB000184612F058F907F10803184612F053F992
:104EC000F837BD46B0BD00BF0C7F0108147F010854
:104ED00000000020247F0108387F01083C7F010882
:104EE000F0B5ADF5217D04AF07F51C73A3F51B7379
:104EF000186007F51C73A3F51C7319600120FEF7F9
:104F000077FD07F51C73A3F51C7307F10C021968F4
:104F1000104612F05BFC07F10C0207F51C73A3F5B9
:104F20001B7311461868FFF7F7FE07F10C031846CC
:104F300012F019F907F15403184611F0BFFF07F1F9
:104F4000540207F13C03D449184612F073FC07F5EC
:104F50001C73A3F50473D14A92E8030083E80300AD
:104F600007F51C73A3F5067307F160021A6007F5D5
:104F70001C73A3F5067302225A6007F1A0031846BA
:104F800011F09CFF07F1A00207F17003C449184615
:104F900012F050FC07F1A403184611F08FFF07F13F
:104FA000A40207F170031833BE49184612F042FC00
:104FB00007F51C73A3F5027307F170021A6007F579
:104FC0001C73A3F5027302225A6007F51C73A3F544
:104FD000137507F51C73A3F5067307F13C0607F577
:104FE0001C72A2F51B7407F51C72A2F5027102AACD
:104FF00003C982E80300012201925A6800921B68EB
:10500000324621682846FEF707FF07F124031846B9
:1050100012F0A9F807F17004303407F170039C42D4
:1050200004D0183C204612F09EF8F6E707F1A403DE
:10503000184611F045FF07F1A003184611F040FF94
:1050400007F13C03184612F08EF807F15403184696
:1050500011F036FF07F1D803184611F02FFF07F1C2
:10506000D80207F1C0039049184612F0E3FB07F598
:105070001C73A3F5C6734FF47A721A6007F51C739C
:10508000A3F5CA7307F1E4021A6007F51C73A3F5D0
:10509000CA7301225A6007F58473184611F00EFF97
:1050A00007F5847207F1F0038049184612F0C2FB3D
:1050B00007F51C73A3F5C47307F1F0021A6007F536
:1050C0001C73A3F5C47301225A6007F51C73A3F582
:1050D000E47507F51C73A3F5CA7307F1C00607F55D
:1050E0001C72A2F51B7407F51C72A2F5C47102AA0A
:1050F00003C982E80300012201925A6800921B68EA
:10510000324621682846FEF787FE07F1A8031846B5
:1051100012F029F807F1F004183407F1F0039C426B
:1051200004D0183C204612F01EF8F6E707F5847309
:10513000184611F0C5FE07F1C003184612F013F827
:1051400007F1D803184611F0BBFE594B1B78DBB2B0
:10515000022B0CBF01230023DBB2002B2CD007F560
:105160001C73A3F51B731B68012283F87C20514834
:10517000FEF79CFA07F59273184611F09FFE07F5AB
:10518000927207F586734C49184612F053FB07F5E7
:10519000867207F51C73A3F51B731146186800F09F
:1051A00059FA07F58673184611F0DDFF07F592737B
:1051B000184611F085FE96E13D4B02221A7007F564
:1051C000AC73184611F07AFE07F5AC7207F5A073C0
:1051D0003449184612F02EFB07F51C73A3F58673AD
:1051E00041F288321A6007F51C73A3F58A7307F53C
:1051F000B2721A6007F51C73A3F58A7301225A6014
:1052000007F5C473184611F059FE07F5C47207F587
:10521000B8732449184612F00DFB07F51C73A3F56B
:10522000847307F5B8721A6007F51C73A3F58473CD
:1052300001225A6007F51C73A3F5A47507F51C73CA
:10524000A3F58A7307F5A07607F51C72A2F51B7407
:1052500007F51C72A2F5847102AA03C982E8030053
:10526000012201925A6800921B6832462168284642
:10527000FEF7D2FD07F59473184611F074FF07F599
:10528000B874183407F5B8739C4217D0183C204600
:1052900011F069FFF6E700BF407F01088C7F01082D
:1052A0003C7F0108707E0108507F0108607F010883
:1052B0000000002040420F00707F010807F5C47312
:1052C000184611F0FDFD07F5A073184611F04BFFCD
:1052D00007F5AC73184611F0F3FD07F5DE731846B9
:1052E00011F0ECFD07F5DE7207F5D273834918461D
:1052F00012F0A0FA4FF47A73C7F8C83107F5E473D7
:10530000C7F8C0310123C7F8C43107F5F673184652
:1053100011F0D4FD07F5F67207F5EA7378491846DF
:1053200012F088FA07F5EA73C7F8CC310123C7F801
:10533000D03107F5C67507F5D27207F51C73A3F5D2
:105340001B7402AE07F5E67393E8030086E80300DA
:1053500001230193D7F8C4310093D7F8C0312168F5
:105360002846FEF759FD07F5C673184611F0FBFEF7
:1053700007F5EA74183407F5EA739C4204D0183C28
:10538000204611F0F0FEF6E707F5F673184611F027
:1053900097FD07F5D273184611F0E5FE07F5DE73A9
:1053A000184611F08DFD574B1B78DBB2022B0CBF5A
:1053B00001230023DBB2002B2CD007F51C73A3F5CF
:1053C0001B731B68012283F87C204F48FEF76EF99F
:1053D00007F50273184611F071FD07F5027207F523
:1053E000F8734A49184612F025FA07F5F87207F5DE
:1053F0001C73A3F51B731146186800F02BF907F511
:10540000F873184611F0AFFE07F50273184611F055
:1054100057FD68E03B4B02221A7007F50F731846E0
:1054200011F04CFD07F50F7207F50973384918465E
:1054300012F000FA41F28833C7F8483207F51273C8
:10544000C7F840320123C7F8443207F51B731846EA
:1054500011F034FD07F51B7207F515732D49184639
:1054600012F0E8F907F51573C7F84C320123C7F8B5
:10547000503207F5037507F5097207F51C73A3F59C
:105480001B7402AE07F5137393E8030086E803006C
:1054900002230193D7F844320093D7F840322168B1
:1054A0002846FEF7B9FC07F50373184611F05BFEBA
:1054B00007F51574183407F515739C4204D0183C91
:1054C000204611F050FEF6E707F51B73184611F061
:1054D000F7FC07F50973184611F045FE07F50F7341
:1054E000184611F0EDFCFEF799FA064B02221A70ED
:1054F00000BF07F51D77BD46F0BD00BF507F010816
:10550000607F01080000002040420F00707F01080A
:105510007C7F01083C7F0108B0B5A2B004AFF86001
:10552000B9607A60BB6893F87C30DBB2012B0BD199
:10553000454B1B78DBB2022B06D1FEF74DFA034632
:10554000002B01D0012300E00023002B73D03F4B40
:105550001B7887F877300020FEF7AAFABB6893F82B
:105560007E3087F87630394B02221A7007F14403F7
:10557000184611F0A3FC07F1440207F12C0334494B
:10558000184612F057F97B683B6507F15003BB647E
:105590000123FB6407F17403184611F08FFC07F137
:1055A000740207F15C032A49184612F043F907F127
:1055B0005C037B650123BB6507F1140407F12C0232
:1055C00002AD07F1540393E8030085E803000123CB
:1055D0000193FB6C0093BB6CB9682046FEF71CFC82
:1055E00007F11403184611F0BEFD07F15C041834EE
:1055F00007F15C039C4204D0183C204611F0B3FD37
:10560000F6E707F17403184611F05AFC07F12C0372
:10561000184611F0A8FD07F14403184611F050FC9C
:105620000A4A97F877301370BB6897F8762083F8AA
:105630007E20FEF74EFAFB68B9681846FEF7BEFBFF
:10564000F8687837BD46B0BD030000200000002098
:10565000707E0108B0B5C4B004AF786007F5807300
:10566000A3F5807319607B6893F87C30DBB2012B63
:1056700011D17B6893F87D30DBB2002B0BD1894BC5
:105680001B78DBB2022B06D1FEF7A6F90346002BEE
:1056900001D0012300E00023002B00F0FE80824BAC
:1056A0001B7887F8FF307B68012283F87D2000207B
:1056B000FEF7FEF97C4B02221A707B6893F87E306D
:1056C00087F8FE3007F58073A3F58073186811F032
:1056D00087FD03461846FAF715FF04460D4607F105
:1056E00038030022002145EC104B1846FBF71CFF45
:1056F00007F1200307F138026C49184607F038F922
:105700004FF4FA73BB6507F158033B6501237B65D2
:1057100007F17C03184611F0D1FB07F17C0207F179
:1057200064036349184612F085F807F16403FB65CA
:1057300001233B6607F1080407F1200202AD07F1DF
:105740005C0393E8030085E80300012301937B6D6C
:1057500000933B6D79682046FEF75EFB07F1080376
:10576000184611F000FD07F16404183407F16403D2
:105770009C4204D0183C204611F0F5FCF6E707F1F6
:105780007C03184611F09CFB07F12003184611F02A
:10579000EAFC07F13803184611F0E5FC07F58073C1
:1057A000A3F5807307F198021968104612F00EF8FD
:1057B000404A07F1B80392E8030083E8030007F1C9
:1057C000B803C7F8B0300223C7F8B43007F1F803C4
:1057D000184611F073FB07F1F80207F1C8033649C8
:1057E000184612F027F807F1FC03184611F066FB83
:1057F00007F1FC0207F1C80318333049184612F0CC
:1058000019F807F1C803C7F8C0300223C7F8C4303D
:1058100007F1800407F1980202AD07F1C00393E895
:10582000030085E8030001230193D7F8B430009307
:10583000D7F8B03079682046FEF7EEFA07F180031A
:10584000184611F090FC07F1C804303407F1C80382
:105850009C4204D0183C204611F085FCF6E707F185
:10586000FC03184611F02CFB07F1F803184611F061
:1058700027FB07F19803184611F075FC0A4A97F8C0
:10588000FF3013707B6897F8FE2083F87E207B68DA
:10589000002283F87D20FEF71CF900BF07F5807712
:1058A000BD46B0BD0300002000000020947F010829
:1058B000AC7F0108BC7F01083C7F0108B07F010874
:1058C000F0B5D3B004AF07F59C73A3F59A731860D5
:1058D00007F13C03184611F0F1FA07F13C0207F119
:1058E00024039E49184611F0A5FF4FF47A73BB6458
:1058F00007F148033B6401237B6407F16C031846FE
:1059000011F0DCFA07F16C0207F1540394491846D0
:1059100011F090FF07F15403FB6401233B6507F589
:105920009C73A3F5967507F1240207F59C73A3F504
:105930009A7402AE07F14C0393E8030086E8030073
:10594000012301937B6C00933B6C21682846FEF792
:1059500063FA07F10C03184611F005FC07F1540433
:10596000183407F154039C4204D0183C204611F02F
:10597000FAFBF6E707F16C03184611F0A1FA07F1FC
:105980002403184611F0EFFB07F13C03184611F011
:1059900097FA744B1B78DBB2022B14BF0123002350
:1059A000DBB2002B09D06F4B02221A7007F59C73F3
:1059B000A3F59A731868FEF7E3F907F1A0031846F8
:1059C00011F07CFA07F1A00207F188036349184639
:1059D00011F030FF4FF47A73C7F8AC3007F1AC0325
:1059E000C7F8A4300123C7F8A83007F1D003184640
:1059F00011F064FA07F1D00207F1B80358491846CC
:105A000011F018FF07F1B803C7F8B0300123C7F849
:105A1000B43007F1700507F1880207F59C73A3F510
:105A20009A7402AE07F1B00393E8030086E803001E
:105A300014230193D7F8A8300093D7F8A430216835
:105A40002846FEF7E9F907F17003184611F08BFBC1
:105A500007F1B804183407F1B8039C4204D0183C8D
:105A6000204611F080FBF6E707F1D003184611F04D
:105A700027FA07F18803184611F075FB07F1A00318
:105A8000184611F01DFA07F58273184611F016FA40
:105A900007F5827207F1EC033349184611F0CAFE8C
:105AA0004FF47A73C7F8103107F58873C7F80831D7
:105AB0000123C7F80C3107F59A73184611F0FEF967
:105AC00007F59A7207F58E732549184611F0B2FE54
:105AD00007F58E73C7F814310123C7F8183107F1A1
:105AE000D40507F1EC0207F59C73A3F59A7402AE96
:105AF00007F58A7393E8030086E803000A230193FD
:105B0000D7F80C310093D7F8083121682846FEF702
:105B100083F907F1D403184611F025FB07F58E74BD
:105B2000183407F58E739C4204D0183C204611F0BF
:105B30001AFBF6E707F59A73184611F0C1F907F159
:105B4000EC03184611F00FFB07F58273184611F0AD
:105B5000B7F900BF07F59E77BD46F0BDC47F0108C9
:105B60003C7F010800000020C87F0108F0B5ADF5BA
:105B70004F7D04AF07F54A73A3F54973186007F129
:105B80003803184611F09AF907F1380207F120039B
:105B9000AC49184611F04EFE07F54A73A3F5397368
:105BA00041F288321A6007F54A73A3F53B7307F197
:105BB00044021A6007F54A73A3F53B7301225A6049
:105BC00007F16803184611F079F907F1680207F147
:105BD00050039D49184611F02DFE07F54A73A3F5B1
:105BE000387307F150021A6007F54A73A3F538734A
:105BF00001225A6007F54A73A3F5487507F54A7301
:105C0000A3F53B7307F1200607F54A72A2F5497424
:105C100007F54A72A2F5387102AA03C982E80300A7
:105C2000052201925A6800921B6832462168284674
:105C3000FEF7F2F807F10803184611F094FA07F19D
:105C40005004183407F150039C4204D0183C2046FD
:105C500011F089FAF6E707F16803184611F030F9F8
:105C600007F12003184611F07EFA07F138031846B1
:105C700011F026F907F19C03184611F01FF907F1FE
:105C80009C0207F184037149184611F0D3FD07F512
:105C90004A73A3F5207341F288321A6007F54A73FC
:105CA000A3F5227307F1A8021A6007F54A73A3F55A
:105CB000227301225A6007F1CC03184611F0FEF856
:105CC00007F1CC0207F1B4035F49184611F0B2FDA9
:105CD00007F54A73A3F51F7307F1B4021A6007F5BD
:105CE0004A73A3F51F7301225A6007F54A73A3F59F
:105CF0002F7507F54A73A3F5227307F1840607F59C
:105D00004A72A2F5497407F54A72A2F51F7102AAF8
:105D100003C982E80300052201925A6800921B68B9
:105D2000324621682846FEF777F807F16C031846DB
:105D300011F019FA07F1B404183407F1B4039C42C6
:105D400004D0183C204611F00EFAF6E707F1CC0318
:105D5000184611F0B5F807F18403184611F003FA5C
:105D600007F19C03184611F0ABF807F5807318464D
:105D700011F0A4F807F5807207F1E80334491846DA
:105D800011F058FD07F54A73A3F5077341F2883205
:105D90001A6007F54A73A3F5097307F586721A604E
:105DA00007F54A73A3F5097301225A6007F5987342
:105DB000184611F083F807F5987207F58C7322499D
:105DC000184611F037FD07F54A73A3F5067307F57A
:105DD0008C721A6007F54A73A3F5067301225A60A4
:105DE00007F54A73A3F5167507F54A73A3F509730A
:105DF00007F1E80607F54A72A2F5497407F54A72F9
:105E0000A2F5067102AA03C982E8030005220192E5
:105E10005A6800921B68324621682846FDF7FCFF4D
:105E200007F1D003184611F09EF907F58C74183469
:105E300007F58C739C420DD0183C204611F093F965
:105E4000F6E700BFD07F01083C7F0108DC7F010836
:105E5000E47F010807F59873184611F031F807F14F
:105E6000E803184611F07FF907F58073184611F022
:105E700027F807F5B273184611F020F807F5B2724B
:105E800007F5A673D549184611F0D4FC07F54A73F7
:105E9000A3F5DC7341F288321A6007F54A73A3F563
:105EA000E07307F5B8721A6007F54A73A3F5E0735B
:105EB00001225A6007F5CA73184610F0FFFF07F574
:105EC000CA7207F5BE73C649184611F0B3FC07F550
:105ED0004A73A3F5DA7307F5BE721A6007F54A73C1
:105EE000A3F5DA7301225A6007F54A73A3F5FA7530
:105EF00007F54A73A3F5E07307F5A67607F54A722E
:105F0000A2F5497407F54A72A2F5DA7102AA03C92B
:105F100082E80300052201925A6800921B6832460B
:105F200021682846FDF778FF07F59A73184611F0A7
:105F30001AF907F5BE74183407F5BE739C4204D0F5
:105F4000183C204611F00FF9F6E707F5CA7318461A
:105F500010F0B6FF07F5A673184611F004F907F51F
:105F6000B273184610F0ACFF07F5E473184610F052
:105F7000A5FF07F5E47207F5D8739A49184611F0A2
:105F800059FC07F54A73A3F5AA7341F288321A60E7
:105F900007F54A73A3F5AE7307F5EA721A6007F5C1
:105FA0004A73A3F5AE7301225A6007F5FC731846D5
:105FB00010F084FF07F5FC7207F5F0738A49184664
:105FC00011F038FC07F54A73A3F5A87307F5F072D2
:105FD0001A6007F54A73A3F5A87301225A6007F502
:105FE0004A73A3F5C87507F54A73A3F5AE7307F5B1
:105FF000D87607F54A72A2F5497407F54A72A2F5F8
:10600000A87102AA03C982E80300052201925A6816
:1060100000921B68324621682846FDF7FDFE07F511
:10602000CC73184611F09FF807F5F074183407F593
:10603000F0739C4204D0183C204611F094F8F6E727
:1060400007F5FC73184610F03BFF07F5D8731846A8
:1060500011F089F807F5E473184610F031FF07F5E1
:106060000B73184610F02AFF07F50B7207F505733E
:106070005E49184611F0DEFB41F28833C7F838322A
:1060800007F50E73C7F830320123C7F8343207F52D
:106090001773184610F012FF07F5177207F5117302
:1060A0005349184611F0C6FB07F51173C7F83C3287
:1060B0000123C7F8403207F54A73A3F5967507F533
:1060C000057207F54A73A3F5497402AE07F50F731D
:1060D00093E8030086E8030005230193D7F83432E0
:1060E0000093D7F8303221682846FDF795FE07F572
:1060F000FE73184611F037F807F51174183407F5D8
:1061000011739C4204D0183C204611F02CF8F6E79D
:1061100007F51773184610F0D3FE07F505731846F8
:1061200011F021F807F50B73184610F0C9FE07F5BA
:106130002473184610F0C2FE07F5247207F51E738B
:106140002C49184611F076FB41F28833C7F89C328F
:1061500007F52773C7F894320123C7F8983207F57B
:106160003073184610F0AAFE07F5307207F52A734F
:106170001D49184611F05EFB07F52A73C7F8A032D7
:106180000123C7F8A43207F5187507F51E7207F545
:106190004A73A3F5497402AE07F5287393E8030028
:1061A00086E8030005230193D7F898320093D7F8C7
:1061B000943221682846FDF72FFE07F5187318461C
:1061C00010F0D1FF07F52A74183407F52A739C42A2
:1061D00012D0183C204610F0C6FFF6E7F07F010809
:1061E000FC7F0108008001083C7F01080C80010849
:1061F000188001082480010807F53073184610F054
:106200005FFE07F51E73184610F0ADFF07F5247307
:10621000184610F055FE07F53D73184610F04EFE77
:1062200007F53D7207F537733249184611F002FB46
:1062300041F28833C7F8003307F54073C7F8F832E6
:106240000123C7F8FC3207F54973184610F036FEF3
:1062500007F5497207F543732749184611F0EAFA22
:1062600007F54373C7F804330123C7F8083307F56C
:10627000317507F5377207F54A73A3F5497402AE15
:1062800007F5417393E8030086E8030005230193B3
:10629000D7F8FC320093D7F8F83221682846FDF78A
:1062A000BBFD07F53173184610F05DFF07F5437429
:1062B000183407F543739C4204D0183C204610F074
:1062C00052FFF6E707F54973184610F0F9FD07F598
:1062D0003773184610F047FF07F53D73184610F066
:1062E000EFFD4FF4FA60FDF7E1F900BF07F54B77DA
:1062F000BD46F0BD308001083C80010890B587B0F4
:1063000000AFF860B9607A603B60FB687A685A60F9
:10631000FB683A689A60FB680322DA60FB68022235
:106320001A74FB6803F1140407F11403184610F003
:10633000C5FD07F114031A460849204611F07AFA00
:1063400007F11403184610F0BBFDFB68BA681A6029
:10635000FB6818461C37BD4690BD00BF707E010823
:1063600090B58FB000AF786039607B689C6807F1AA
:1063700008033968184611F029FA07F1080319468D
:106380002046FFF767F907F10803184610F0EBFE07
:106390007B685C6807F120033968184611F016FA2B
:1063A00007F1200319462046FDF7EAFB07F1200319
:1063B000184610F0D8FE00BF3C37BD4690BD000027
:1063C00080B5A4B000AFF860B9607A60FB70FB786C
:1063D000002B47D00023C7F88C3036E0D7F88C105C
:1063E000B86810F039FF03461B7887F88B3097F8B0
:1063F0008B302C2B07D097F88B307B2B03D097F862
:106400008B307D2B06D1414B0122D7F88C10B86818
:1064100011F096F897F88B30222B06D13C4B0122D5
:10642000D7F88C10B86811F08BF897F88B303A2BAE
:1064300006D1384B0122D7F88C10B86811F080F8DB
:10644000D7F88C300133C7F88C30B86810F0C8FE2C
:106450000246D7F88C30934234BF01230023DBB2CD
:10646000002BBBD107F128037A682B49184606F0A8
:106470007DF907F1100307F12801284A184606F0B4
:10648000B7FD07F110031946F868FFF769FF07F138
:106490001003184610F067FE07F12803184610F0A5
:1064A00062FE07F14003B968184611F08FF907F151
:1064B00040031946F868FFF753FF07F140031846F9
:1064C00010F051FE07F170037A681549184606F07E
:1064D0004DF907F1580307F170010C4A184606F010
:1064E00087FD07F158031946F868FFF739FF07F1F0
:1064F0005803184610F037FE07F17003184610F0E5
:1065000032FE00BF9037BD4680BD00BF4880010805
:106510004C800108487E010850800108588001081D
:106520006080010880B584B000AFF860B9607A601F
:10653000BB689968FB687A681846FEF7EDFFF86853
:106540001037BD4680BD80B584B000AFF860B9603B
:106550007A60BB685968FB687A681846FDF7DAFA12
:10656000F8681037BD4680BD80B5A6B000AFF860B2
:10657000B9607A603B6007F15C03184610F09EFC3E
:1065800007F15C0207F144035749184611F052F92C
:1065900007F15C03184610F093FC07F160031846FE
:1065A00010F08CFC07F1600207F12C034E491846ED
:1065B00011F040F907F16003184610F081FCBB6848
:1065C0005A6807F1140311461846FDF7FDFA7B6877
:1065D0009BB21A4692001344A7F896305CE007F18C
:1065E00064036422B9681846FFF7ADFF07F164023F
:1065F00007F144031146184610F0C1FD07F164038A
:10660000184610F0B0FD07F17C036422B968184603
:10661000FFF788FF07F17C0207F12C0311461846AB
:1066200010F0ADFD07F17C03184610F09CFD07F15A
:10663000140207F144031146184606F02EFD0346E6
:10664000002B0CD03B68002B02D03B6801221A6063
:1066500007F144031946F86810F06BFD31E007F1CB
:10666000140207F12C031146184606F016FD0346E6
:10667000002B0CD03B68002B02D03B6802221A6032
:1066800007F12C031946F86810F053FD19E0B7F82C
:106690009630013BA7F89630B7F89630002B9ED184
:1066A00007F19403184610F009FC07F194031A4609
:1066B0000D49F86811F0BEF807F19403184610F080
:1066C000FFFB07F11403184610F04DFD07F12C03F2
:1066D000184610F048FD07F14403184610F043FD3A
:1066E000F8689837BD4680BD707E010880B5A0B0BF
:1066F00000AFF860B9607A6007F14403184610F003
:10670000DDFB07F1440207F12C035249184611F052
:1067100091F807F14403184610F0D2FB07F1480343
:10672000184610F0CBFB07F1480207F11403494962
:10673000184611F07FF807F14803184610F0C0FB27
:106740007B68002B02D07B689BB200E00523A7F892
:106750007E305CE0FCF7D2FF07F14C034FF4FA7295
:10676000B9681846FFF7EFFE07F14C0207F12C035A
:106770001146184610F003FD07F14C03184610F0BF
:10678000F2FC07F164034FF4FA72B9681846FFF798
:10679000C9FE07F1640207F114031146184610F010
:1067A000EEFC07F16403184610F0DDFC07F12C0342
:1067B000184610F045FD034683F00103DBB2002BC1
:1067C00006D007F12C031946F86810F0B2FC33E04C
:1067D00007F11403184610F033FD034683F001035C
:1067E000DBB2002B06D007F114031946F86810F04D
:1067F000A0FC21E07B68002B04D1B7F87E30013388
:10680000A7F87E30B7F87E30013BA7F87E30B7F8A6
:106810007E30002B9ED107F17C03184610F04EFB12
:1068200007F17C031A460B49F86811F003F807F1E9
:106830007C03184610F044FB07F11403184610F0CF
:1068400092FC07F12C03184610F08DFCF868803795
:10685000BD4680BD707E010890B5ABB000AFF8605A
:10686000B9607A603B60012387F8A73007F1100315
:10687000184610F047FC5449B86806F038FC034647
:10688000002B1ED007F14003BA685049184605F0A6
:106890006DFF07F1280307F140014D4A184606F045
:1068A000A7FB07F128031946F868FFF759FD07F120
:1068B0002803184610F057FC07F14003184610F063
:1068C00052FC07F158037A68F9681846FFF70EFF83
:1068D00007F1580207F110031146184610F04FFC5B
:1068E00007F15803184610F03EFC07F110033A6810
:1068F0001946F86800F072F8034687F8A730D7F811
:10690000B830002B06D007F110031946D7F8B800AD
:1069100010F02FFC97F8A730022B47D007F1100397
:10692000184610F08DFC0346002B1DD007F188039C
:10693000184610F0C3FA07F1880207F170032549E1
:10694000184610F077FF07F170031946F868FFF753
:1069500007FD07F17003184610F005FC07F18803E6
:10696000184610F0ADFA1CE007F1A403184610F029
:10697000A5FA07F1A40207F18C031749184610F095
:1069800059FF07F18C031946F868FFF7E9FC07F196
:106990008C03184610F0E7FB07F1A403184610F02B
:1069A0008FFA7B68002B3FF466AF00E000BF97F8DA
:1069B000A74007F11003184610F0D5FB23461846F0
:1069C000AC37BD4690BD00BF707E0108488001080D
:1069D00064800108688001087880010880B584B06F
:1069E00000AFF860B9607A607B68002B01D10423A6
:1069F00032E07968B86806F050FB0346002B06D1F8
:106A00001749786806F036FB0346002B01D00123B6
:106A100000E00023002B01D002231DE000221149D9
:106A2000B86810F031FE0346B3F1FF3F0CBF0123FD
:106A30000023DBB2002B01D006230DE0B86810F074
:106A4000CFFB0346002B0CBF01230023DBB2002B3E
:106A500001D0052300E0072318461037BD4680BD4E
:106A6000707E0108047F010880B582B000AF7860B5
:106A70007B682433184606F030FA7B68184610F01D
:106A800072FB7B6818460837BD4680BD90B58BB059
:106A900000AFF860B9607A60FB70FC6807F1100322
:106AA0007968184610F092FEFB7807F11002B96879
:106AB0002046FCF72FFE07F11003184610F053FB99
:106AC000FB68002283F83420FB68002283F835201D
:106AD000FB6818462C37BD4690BD80B582B000AF2C
:106AE00078607B681846FBF7B8FD7B681846083766
:106AF000BD4680BD90B585B000AF786039607B68D9
:106B0000184606F005FB7B6803F59B63184606F004
:106B1000FFFA7B6803F51B6407F10803184610F0C1
:106B2000CDF907F108031A461249204610F082FEFB
:106B300007F10803184610F0C3F97B6803F6C81480
:106B400007F10C03184610F0B9F907F10C031A46C7
:106B50000849204610F06EFE07F10C03184610F0AD
:106B6000AFF97B683A68C3F8E0297B6818461437A8
:106B7000BD4690BD707E010880B582B000AF7860E0
:106B80007B680433184610F0EEFA7B681846083725
:106B9000BD4680BDB0B52DED028BB0B000AF7860C2
:106BA0000B46FB701346BB70FB781946786800F003
:106BB00039F90023C7F8BC30F9E07B68D3F8E03935
:106BC000D7F8BC10184606F0C0FA03461B68C7F891
:106BD000B830D7F8B800FCF727FE51EC100B0123B2
:106BE0001C464FF000024FF00003F9F78BFF0346FD
:106BF000002B01D100231C46E3B2002B00F0D28011
:106C00007B6803F59B64D7F8B800FCF702FE0346E7
:106C10003C67FB6607F10C0407F14403F96E184664
:106C200010F0D4FDBC663B6F7B6607F144033B6606
:106C3000BB6E7A6E1A60BB6E0433396E184610F064
:106C4000C5FD07F14403184610F08DFAD7F8B800D7
:106C5000FCF7EAFDB0EE407AF0EE607A87ED0A7B51
:106C600007F10C03C7F8B43007F12803C7F8B030B8
:106C7000D7F8B03093ED008BD7F8B430C7F8AC300C
:106C8000D7F8AC30C7F8A830D7F8A80008F0B1FBA7
:106C90000346C7F8A430D7F8A430C7F8A030D7F817
:106CA000A0301B68C7F89C30D7F89C00FBF7F2FCBB
:106CB000044600BF00BF00BF00BFD7F8AC30C7F824
:106CC0009830D7F8980008F094FB0346C7F8943042
:106CD000D7F89430C7F89030D7F890301B68C7F8D1
:106CE0008C30D7F88C00FBF7F8FC054600BFD7F8CE
:106CF00090301A1D07F13C031146184606F03FFE7E
:106D0000D7F890301B68C7F88830D7F88800FBF7B1
:106D1000C1FC034600BF07F13C0206CA28460AF040
:106D200094FB024600BF00BF00BF07F134032146B9
:106D30001846FBF7FCFA07F1340393E80300B0EEC2
:106D4000480AF0EE680A07F05EFFD7F8B430C7F8DB
:106D50008430D7F8840008F04CFB0346C7F8803035
:106D6000D7F88030FB67FB6F1B68BB67B86FFBF71A
:106D700091FC034600BF00BF00BF00BF7B677B6F75
:106D8000002B07D0786FFBF7ABF8034683F00103C5
:106D9000DBB2002B07F10C031846FFF7EDFE642071
:106DA0000BF084FED7F8BC300133C7F8BC307B68E9
:106DB000D3F8E039184606F0BCF90246D7F8BC30E3
:106DC000934234BF01230023DBB2002B7FF4F5AEE6
:106DD000BB78002B10D07B6803F59B63FB65F86DD7
:106DE000FBF746FC034600BF1A467B6803F6C81350
:106DF0001946104605F061FE00BFC037BD46BDEC28
:106E0000028BB0BD80B582B000AF786039603B685E
:106E100003F6C8131946786810F0D8FC786808376C
:106E2000BD4680BD80B582B000AF78600B46FB7078
:106E3000FB78022B06D0022B1FDC002B0FD0012B7E
:106E400014D01AE07B6803F59B631846FBF7DEFB62
:106E50007B6803F6C813184610F0EDF90EE07B6866
:106E600003F59B631846FBF7D1FB07E07B6803F64D
:106E7000C813184610F0DFF900E000BF00BF083764
:106E8000BD4680BD80B582B000AF786039607B6858
:106E900003F59B633A681146184606F075F90346F8
:106EA00018460837BD4680BD80B5A4B000AF7860F5
:106EB00007F1240379681846FAF7CAFA07F10C03B8
:106EC00007F124023449184605F052FD07F10C037E
:106ED00019463248FFF744FA07F10C03184610F040
:106EE00042F907F12403184610F03DF97B681A684F
:106EF0002B4B1340B3F1005F2BD17B6804331B682D
:106F0000C7F88C3007F15403D7F88C101846FAF7FD
:106F10009FFA07F13C0307F154022249184605F095
:106F200027FD07F13C0319461C48FFF719FA07F142
:106F30003C03184610F017F907F15403184610F0F7
:106F400012F9D7F88C30C7F88830D7F888309847CE
:106F50001EE007F1840318460FF0B0FF07F184022A
:106F600007F16C031049184610F064FC07F16C033C
:106F700019460A48FFF7F4F907F16C03184610F0B8
:106F8000F2F807F1840318460FF09AFFFAF7B4F904
:106F90009037BD4680BD00BF90800108DC02002014
:106FA0000000FE2FA4800108B880010890B5ABB0A6
:106FB00000AF0120FCF77CFD07F1340318460FF009
:106FC0007DFF07F1340207F11C035B49184610F0FE
:106FD00031FC07F11C0319465848FFF7C1F907F1C6
:106FE0001C03184610F0BFF807F1340318460FF0E1
:106FF00067FF0523C7F8A4303B1D184610F082F840
:10700000FCF77CFB00233B6007F138003B46032282
:107010004A49FFF7A9FA07F13803184610F0A3F818
:107020003B68012B25D1FCF754FD0020FCF792FCB6
:107030000120FCF7A5FC07F1680318460FF03EFF9E
:1070400007F1680207F150033D49184610F0F2FBC2
:1070500007F1500319463948FFF782F907F1500349
:10706000184610F080F807F1680318460FF028FF63
:1070700037E03B68022B25D1FCF72BFD0020FCF705
:1070800069FC0120FCF798FC07F1840318460FF017
:1070900015FF07F1840207F16C032A49184610F026
:1070A000C9FB07F16C0319462448FFF759F907F1AA
:1070B0006C03184610F057F807F1840318460FF0D8
:1070C000FFFE0EE0D7F8A430013BC7F8A430D7F894
:1070D000A430002BCCBF01230023DBB2002B91D1C5
:1070E00001E000241FE007F1A00318460FF0E6FEC0
:1070F00007F1A00207F188031349184610F09AFB24
:1071000007F1880319460D48FFF72AF907F18803AC
:10711000184610F028F807F1A00318460FF0D0FE2B
:10712000FCF7D7FC01243B1D184610F01CF8012C7D
:10713000AC37BD4690BD00BFD4800108DC02002002
:10714000E8800108F880010808810108B0B5ADF6B3
:10715000880D02AF024607F50863A3F679031A709B
:1071600007F5A06319464FF000024FF0000341E914
:1071700002230523C7F87C3807F12003184605F0E1
:10718000C7FF012201213348FFF704FD07F1200367
:107190003149184606F012F807F2045318460FF06A
:1071A0008DFE07F2045207F108032C49184610F02F
:1071B00041FB07F2045318460FF082FE07F5A06367
:1071C00019464FF000024FF0000341E90223D7F8BF
:1071D0007C38052B40F0098107F5A46318460FF0B1
:1071E0006DFE07F5A46207F5A1631D49184610F06E
:1071F00021FB07F5A16319461A48FFF7B1F807F517
:10720000A16318460FF0AFFF07F5A46318460FF00F
:1072100057FE07F23C5318460FF050FE07F23C525F
:1072200007F224531049184610F004FB07F22453C8
:1072300019460C48FFF794F807F2245318460FF04C
:1072400092FF07F23C5318460FF03AFE0023C7F8AE
:107250007838A3E0C8040020900E0020707E01085A
:1072600018810108DC02002040810108D7F8781855
:10727000EA4805F06AFF03461B68C7F87438D7F878
:107280007408FCF7B9FA03461846F9F74BF90446B7
:107290000D4607F50863A3F532730122002145EC82
:1072A000104B1846FAF740F907F50863A3F5387351
:1072B00007F5B762DA49184605F05AFB07F5086387
:1072C000A3F53E7307F5B461D64A184605F090FE63
:1072D000D7F87408FCF7A8FAB0EE407AF0EE607ABE
:1072E00007F50863A3F52C7301220021B0EE470ACD
:1072F000F0EE670A1846FAF717F907F50863A3F5E1
:10730000447307F5BA6207F5B161184605F0B5FA9E
:1073100007F50863A3F54A7307F5AE61C14A18463D
:1073200005F066FED7F87408FCF773FA024607F515
:107330000863A3F5507307F5AB61184605F050FFDD
:1073400007F5A8631946B848FFF70AF807F5A863D8
:1073500018460FF008FF07F5AB6318460FF003FF60
:1073600007F5AE6318460FF0FEFE07F5BA63184640
:107370000FF0F9FE07F5B16318460FF0F4FE07F5BC
:10738000B46318460FF0EFFE07F5B76318460FF029
:10739000EAFED7F878380133C7F87838A34B1B7862
:1073A0001A46D7F878389342FFF460AF07F5C06308
:1073B00018460FF083FD07F5C06207F5BD639C49D1
:1073C000184610F037FA07F5BD6319469648FEF7E0
:1073D000C7FF07F5BD6318460FF0C5FE07F5C0638C
:1073E00018460FF06DFDFCF789F9D7F87C38013BA2
:1073F000C7F87C3807F50863A3F679031B78002BE0
:1074000000F0948207F21C6318460FF057FD07F254
:107410001C6207F204638749184610F00BFA07F55F
:10742000C76318460FF04AFD07F5C76207F5C46346
:107430008149184610F0FEF907F5C46207F20461AD
:1074400007F108030093134614227748FFF704FA64
:1074500007F5C46318460FF086FE07F5C7631846A4
:107460000FF02EFD07F2046318460FF07CFE07F2C2
:107470001C6318460FF024FD07F108031846FAF7BD
:10748000F7F8B0EE407AF0EE607A07F5A06303ED0E
:10749000027B07F5A06353E9020101231C464FF06C
:1074A00000024FF00003F9F737FB0346002B01D130
:1074B00000231C46E3B2002B00F01682574805F06B
:1074C00038FE03461846F9F71DF807F5A06353E99F
:1074D00002230124F9F720FB0346002B01D10023EE
:1074E0001C46E3B2002B00F0AA8107F108031846FE
:1074F0000FF0A1FE07F5A06353E902014FF000026F
:107500004E4BF8F7C1FE02460B4610461946F9F7F6
:1075100035FB03461946414805F017FE03461B6834
:10752000C7F87038D7F87008FCF766F903461846B4
:10753000F8F7F8FF04460D4607F50863A3F5E67370
:107540000122002145EC104B1846F9F7EDFF07F535
:107550000863A3F5F27307F2B4623149184605F0E7
:1075600007FA07F50863A3F5FE7307F29C612D4A3D
:10757000184605F03DFDD7F87008FCF755F9B0EE58
:10758000407AF0EE607A07F50863A3F5DA7301221A
:107590000621B0EE470AF0EE670A1846F9F7C4FF75
:1075A00007F50863A3F5057307F2CC6207F284615F
:1075B000184605F062F907F50863A3F50B7307F2A7
:1075C0006C61184A184605F013FDD7F87008FCF7EF
:1075D00020F9024607F50863A3F5117307F2546119
:1075E000184605F0FDFD07F23C6319460E48FEF70C
:1075F000B7FE07F23C6318460FF0B5FD07F254637F
:1076000018460FF0B0FD07F26C6318460FF0ABFDA3
:1076100007F2CC6318460FF0A6FD11E044010020EC
:10762000A87E010864800108DC02002040010020DF
:107630005881010880810108707E01080000F03F38
:1076400007F2846318460FF08EFD07F29C6318461C
:107650000FF089FD07F2B46318460FF084FD07F2BE
:10766000FC6318460FF02AFC07F2FC6207F2E463A1
:10767000D149184610F0DEF807F5E36318460FF01D
:107680001DFC07F5E36207F5E063CC49184610F0EE
:10769000D1F807F5E06207F2E46107F1080300930F
:1076A00013461422C648FFF7D7F807F5E0631846DB
:1076B0000FF059FD07F5E36318460FF001FC07F2E0
:1076C000E46318460FF04FFD07F2FC6318460FF015
:1076D000F7FB07F108031846F9F7CAFF07F6680336
:1076E00083ED000B4FF000024FF0000307F6680136
:1076F000D1E90001F9F706FA0346002B0CD007F197
:10770000080318460FF09CFD034683F00103DBB22B
:10771000002B01D0012300E00023002B00F0E080CB
:1077200007F6680393ED000BD7F87008FCF78EF8A6
:10773000D7F87008FCF760F803461846F8F7F2FE31
:1077400004460D4607F294730122002145EC104BCC
:107750001846F9F7E9FE07F50863A3F5827307F207
:1077600094729849184605F003F907F50863A3F5E4
:107770008E7307F27C71944A184605F039FCD7F8ED
:107780007008FCF751F8B0EE407AF0EE607A07F23C
:10779000AC7301220621B0EE470AF0EE670A1846E4
:1077A000F9F7C2FE07F50863A3F59A7307F2AC7206
:1077B00007F26471184605F060F807F50863A3F551
:1077C000A67307F24C71804A184605F011FCD7F8F1
:1077D0007008FCF71EF8024607F50863A3F5B273BC
:1077E00007F23471184605F0FBFC07F21C731946CA
:1077F0007348FEF7B5FD07F21C7318460FF0B3FC93
:1078000007F2347318460FF0AEFC07F24C731846BB
:107810000FF0A9FC07F2AC7318460FF0A4FC07F2B6
:10782000647318460FF09FFC07F27C7318460FF044
:107830009AFC07F2947318460FF095FC50E06348E9
:1078400005F077FC03461846F8F75CFE07F5A063E1
:1078500053E902230124F9F737F90346002B01D13C
:1078600000231C46E3B2002B1DD007F2DC73184640
:107870000FF024FB07F2DC7207F2C4735449184678
:107880000FF0D8FF07F2C47319464D48FEF768FDA4
:1078900007F2C47318460FF066FC07F2DC73184653
:1078A0000FF00EFB5CE007F5FF6318460FF006FBD8
:1078B00007F5FF6207F5FC63464918460FF0BAFF6B
:1078C00007F5FC6319463E48FEF74AFD07F5FC63E1
:1078D00018460FF048FC07F5FF6318460FF0F0FA62
:1078E0000523C7F87C3821E0D7F87C38042B1DD15C
:1078F00007F6140318460FF0E1FA07F6140207F230
:10790000FC73334918460FF095FF07F2FC731946D4
:107910002B48FEF725FD07F2FC7318460FF023FCF9
:1079200007F6140318460FF0CBFA19E02A48FBF7C4
:1079300063FF03461846F8F7F5FD07F5A06353E922
:107940000223F9F7C1F80346002B05D1D7F87C389C
:10795000002B01D0012300E00023002B7FF42EAC8C
:10796000012201211D48FFF715F907F120031946EF
:107970001A48FFF787FA0346002B33D007F5036355
:1079800018460FF09BFA07F5036207F6180314492F
:1079900018460FF04FFF07F6180319460848FEF780
:1079A000DFFC07F6180318460FF0DDFB07F503634D
:1079B00018460FF085FA48E08C810108707E0108B6
:1079C000DC020020A87E0108648001084401002038
:1079D00098810108A481010898040020C8040020AF
:1079E000B481010807F64C0318460FF067FA07F652
:1079F0004C0207F634031C4918460FF01BFF07F62C
:107A0000340319461948FEF7ABFC07F63403184651
:107A10000FF0A9FB07F64C0318460FF051FA0122AC
:107A200001211348FFF7B6F807F50563104918461A
:107A3000FFF7E8F907F5056319460E4800F0B4F8BA
:107A400007F5056318460FF08EFB07F1080318468B
:107A50000FF089FB07F120031846FFF73EF807F502
:107A60000867BD46B0BD00BFC8810108DC02002028
:107A7000C80400202801002080B586B000AF012294
:107A800001210A48FFF786F83B4608491846FFF7E8
:107A9000B9F93B461946064800F086F83B461846B9
:107AA0000FF061FB00BF1837BD4680BDC804002041
:107AB0002801002000000000B0B592B000AF78604F
:107AC00000237B645CE0796C354805F03EFB03469F
:107AD0001B683B647C68386CFBF79BFE03461946C9
:107AE000204605F094FB0346002B41D03D6C7C689A
:107AF000386CFBF78EFE0346BC637B63BB6B03F104
:107B0000180407F12803796B184605F038FF07F1D0
:107B1000280393E80600204605F040FF024607F1DF
:107B2000300311461846FAF7E7FB3B6B7B6207F11F
:107B30000C0207F12403FB63FB6B1968104607F086
:107B40004FF900BF07F10C031846F9F791FDB0EEAD
:107B5000407AF0EE607AB0EE470AF0EE670A284607
:107B6000FBF774FE07F10C0318460FF0FCFA04E073
:107B70009FED090B386CFBF769FE7B6C01337B646E
:107B8000084B1B781A467B6C93429CD300BF00BF06
:107B90004837BD46B0BD00BF000000000000F0BF88
:107BA0004401002040010020B0B5CEB004AF07F57D
:107BB0009473A3F59273186007F59473A3F5947307
:107BC0001960834B00221A7007F1680007F594735F
:107BD000A3F592731A687F4904F0C8FD07F15003BA
:107BE00007F168017C4A184605F002FA07F594731C
:107BF000A3F5947318680FF0F3FA03461846F8F7E4
:107C000081FC04460D4607F180030022002145EC6B
:107C1000104B1846F9F788FC07F1380307F180028A
:107C200007F15001184604F028FE07F59473A3F5F8
:107C3000847307F13801694A184605F0D9F942F210
:107C40001073C7F8A03007F1A003C7F898300123DC
:107C5000C7F89C3007F1C40318460FF02FF907F15D
:107C6000C40207F1AC035E4918460FF0E3FD07F1CB
:107C7000AC03C7F8A4300123C7F8A83007F5947304
:107C8000A3F5907407F1200202AD07F1A40393E875
:107C9000030085E8030002230193D7F89C3000938A
:107CA000D7F898304F492046FCF7B6F807F108039B
:107CB00018460FF058FA07F1AC04183407F1AC037A
:107CC0009C4204D0183C20460FF04DFAF6E707F12D
:107CD000C40318460FF0F4F807F1200318460FF01C
:107CE00042FA07F1380318460FF03DFA07F1800316
:107CF00018460FF038FA07F1500318460FF033FA20
:107D000007F1680318460FF02EFA07F59473A3F5F0
:107D1000947307F1E002196810460FF057FD42F224
:107D20001073C7F8003107F58073C7F8F8300123E6
:107D3000C7F8FC3007F5927318460FF0BFF807F547
:107D4000927207F58673284918460FF073FD07F500
:107D50008673C7F804310123C7F8083107F1C80456
:107D600007F1E00202AD07F5827393E8030085E8AE
:107D7000030002230193D7F8FC300093D7F8F830C2
:107D800018492046FCF748F807F1C80318460FF0D9
:107D9000EAF907F58674183407F586739C4204D017
:107DA000183C20460FF0DFF9F6E707F59273184606
:107DB0000FF086F807F1E00318460FF0D4F9044BF2
:107DC00002221A7000BF07F59477BD46B0BD00BF10
:107DD00003000020DC810108E8810108F08101082E
:107DE000AC7F0108A00100203C7F0108B0B5B6B00F
:107DF00004AF5D4802F0B2FFC7F8C400D7F8C43042
:107E0000B3F1FF3F20D1594B02221A7007F1300322
:107E100018460FF053F807F1300207F118035449E0
:107E200018460FF007FD07F1180319465148FEF7F1
:107E300097FA07F1180318460FF095F907F1300388
:107E400018460FF03DF88BE007F16403464A4A49B3
:107E5000184604F08BFC07F14C0307F16401474A14
:107E6000184605F0C5F8D7F8C400F8F74BFB0446F0
:107E70000D4607F17C030022002145EC104B18460B
:107E8000F9F752FB07F1340307F17C0207F14C01CB
:107E9000184604F0F2FC41F28833C7F89C3007F131
:107EA0009C03C7F894300123C7F8983007F1C0034A
:107EB00018460FF003F807F1C00207F1A803304994
:107EC00018460FF0B7FC07F1A803C7F8A03001234C
:107ED000C7F8A4303C4607F1340202AD07F1A00315
:107EE00093E8030085E8030002230193D7F8983054
:107EF0000093D7F8943023492046FBF78DFF07F114
:107F0000A804183407F1A8039C4204D0183C20466A
:107F10000FF029F9F6E707F1C00318460EF0D0FF7D
:107F200007F1340318460FF01EF907F17C031846D9
:107F30000FF019F907F14C0318460FF014F907F187
:107F4000640318460FF00FF93B460F49184601F03D
:107F500003F80D48FFF7B0FD3B4618460FF003F954
:107F6000C837BD46B0BD00BF28010020000000207A
:107F7000F8810108DC02002014820108E881010870
:107F800020820108A0010020A009002080B582B055
:107F900000AF78607B681846FAF75FFB7B6818468D
:107FA0000837BD4680BD0000B0B5ADF5E86D00AF47
:107FB00007F5E863A3F23C73186007F5E863A3F5DF
:107FC000E863196003F014F80346002B00F0D08337
:107FD000EE48FBF729FCB0EE407AF0EE607A07F548
:107FE000E863A3F5207300220021B0EE470AF0EE0B
:107FF000670A1846F9F798FA07F5E863A3F52673B8
:1080000007F59862E249184604F0B2FC07F5986358
:1080100018460FF0A8F807F5956207F59B6311461F
:1080200018460FF0D3FB07F5E863A3F52C7307F5AB
:108030009B610022184601F069FD07F59B63184615
:108040000FF091F807F5926318460FF0C9F8034650
:10805000022B94BF01230023DCB207F5A16318466D
:108060000EF02CFF07F5A16207F59E63C94918467B
:108070000FF0E0FB07F59E631946204602F0D4FF9F
:1080800007F59E6318460FF06EF807F5A1631846D2
:108090000EF016FF03F0B2FB02F0AAFF0346002B1E
:1080A00000F0458307F5926300227B2118460FF00C
:1080B000FAFA0346C7F83C3707F592634FF0FF32F0
:1080C0007D2118460FF045FB0346C7F83837D7F82F
:1080D0003C47D7F83827D7F83C37D31A01331A462C
:1080E00007F5E863A3F50D7007F592611346224684
:1080F0000FF0D8FB07F20C5207F5926311461846B1
:108100000FF03DF807F20C5318460FF02CF807F566
:10811000E863A3F5017307F592629F49184604F0DE
:1081200025FB07F5E863A3F5077307F23C519B4A6B
:10813000184604F05DFF07F2245319469848FEF7ED
:108140000FF907F2245318460FF00DF807F23C53CD
:1081500018460FF008F807F5926318460FF040F83C
:108160000346022B94BF01230023DCB207F26C53B9
:1081700018460EF0A3FE07F26C5207F254538549DD
:1081800018460FF057FB07F254531946204602F0E9
:108190004BFF07F2545318460EF0E5FF07F26C53FD
:1081A00018460EF08DFE02F023FF0346002B00F070
:1081B0009E8207F10803184605F048F807F5926219
:1081C00007F108031146184604F0F8FF754BC7F88D
:1081D000F43607F5AE63C7F8F03607F10803C7F8C1
:1081E000EC36D7F8F436C7F8E836D7F8F036D7F8D3
:1081F000EC261A60D7F8F036D7F8E8265A6000BFA8
:1082000007F58F6407F5AE63C7F80C37D7F80C375E
:10821000C7F80837D7F80837C7F80437D7F804077E
:1082200008F06FFA0346C7F80037D7F80037C7F8E9
:10823000FC36D7F8FC361B68C7F8F836D7F8F806CE
:10824000FAF733FA054600BFD7F8FC365B681846E4
:1082500004F027FC03461946284609F06EFA024648
:1082600000BF00BF00BF07F28C6311461846FAF743
:1082700043F8D7F88C361946204606F0B1FD00BF0A
:1082800007F5E863A3F5D87307F58F6246491846EA
:1082900004F06CFA07F5E863A3F5E47307F5B2613F
:1082A0003E4A184604F0A4FE07F5AF6319463C4861
:1082B000FEF756F807F5AF6318460EF054FF07F5C2
:1082C000B26318460EF04FFF384BC7F81C3707F55E
:1082D000B563C7F8183707F10803C7F81437D7F89C
:1082E0001C37C7F81037D7F81837D7F814271A6093
:1082F000D7F81837D7F810275A6000BF07F58C64F5
:1083000007F5B563C7F83437D7F83437C7F83037CF
:10831000D7F83037C7F82C37D7F82C0708F0F1F921
:108320000346C7F82837D7F82837C7F82437D7F8CF
:1083300024371B68C7F82037D7F82007FAF7B5F9B4
:10834000054600BFD7F824375B68184604F0A9FB40
:1083500003461946284609F0F0F9024600BF00BF5F
:1083600000BF07F5D16311461846F9F7C5FFD7F8E6
:1083700088361946204606F033FD00BF07F5E8634E
:10838000A3F5BC7307F58C6212E000BF1003002058
:1083900048820108707E01088C8201089C820108D5
:1083A000DC020020A4820108AC820108C08201081E
:1083B000E449184604F0DAF907F5E863A3F5C87351
:1083C00007F5B961E04A184604F012FE07F5B663F6
:1083D0001946DE48FDF7C4FF07F5B66318460EF0F0
:1083E000C2FE07F5B96318460EF0BDFE07F58C63B3
:1083F000D749184604F03EFE0346002B00F0A0804B
:1084000007F10803D349184604F031FF0346002B57
:1084100000F09380CF4BC7F8CC3607F5BC63C7F8A4
:10842000C83607F10803C7F8C436D7F8CC36C7F802
:10843000C036D7F8C836D7F8C4261A60D7F8C83679
:10844000D7F8C0265A6000BF07F5896407F5BC63FA
:10845000C7F8E436D7F8E436C7F8E036D7F8E036A0
:10846000C7F8DC36D7F8DC0608F04BF90346C7F846
:10847000D836D7F8D836C7F8D436D7F8D4361B68EC
:10848000C7F8D036D7F8D006FAF70FF9054600BF7F
:10849000D7F8D4365B68184604F003FB0346194648
:1084A000284609F04AF9024600BF00BF00BF07F5A1
:1084B000D26311461846F9F71FFFD7F890361946D0
:1084C000204606F08DFC00BF07F5896207F5E863DA
:1084D000A3F23C73114618680EF04BFE07F5E863F3
:1084E000A3F5A07007F5E863A3F23C731A689A49F4
:1084F00004F03CF907F5E863A3F5AC7307F5C06138
:10850000914A184604F074FD07F5BD6319468F487B
:10851000FDF726FF07F5BD6318460EF024FE07F5AC
:10852000C06318460EF01FFE8C4B02221A7007F52E
:10853000896318460EF017FE02E0884B00221A707D
:1085400007F58F638249184604F094FD0346002B1B
:1085500000F0BD8007F108038149184604F087FE4A
:108560000346002B00F093807D4BC7F8A43607F537
:10857000C363C7F8A03607F10803C7F89C36D7F8DD
:10858000A436C7F89836D7F8A036D7F89C261A60D4
:10859000D7F8A036D7F898265A6000BF07F586644A
:1085A00007F5C363C7F8BC36D7F8BC36C7F8B8368A
:1085B000D7F8B836C7F8B436D7F8B40608F0A1F83B
:1085C0000346C7F8B036D7F8B036C7F8AC36D7F898
:1085D000AC361B68C7F8A836D7F8A806FAF765F8CE
:1085E000054600BFD7F8AC365B68184604F059FA68
:1085F00003461946284609F0A0F8024600BF00BF0E
:1086000000BF07F2946311461846F9F775FED7F8D4
:1086100094361946204606F0E3FB00BF07F5866254
:1086200007F5E863A3F5E863114618680EF0A1FDAD
:1086300007F5E863A3F5847007F5E863A3F5E8633D
:108640001A68484904F092F807F5E863A3F59073B7
:1086500007F5C7613C4A184604F0CAFC07F5C46335
:1086600019463A48FDF77CFE07F5C46318460EF03C
:108670007AFD07F5C76318460EF075FD374B0222E9
:108680001A7007F5866318460EF06DFD1FE007F5BA
:10869000CD6318460EF012FC07F5CD6207F5CA63EC
:1086A000314918460FF0C6F807F5CA63194627483E
:1086B000FDF756FE07F5CA6318460EF054FD07F5A0
:1086C000CD6318460EF0FCFB244B00221A7007F510
:1086D0008C6318460EF047FD07F58F6318460EF0C1
:1086E00042FD07F108031846FFF750FC1FE007F2B0
:1086F000846318460EF0E2FB07F2846207F26C63B3
:108700001A4918460FF096F807F26C6319460F489D
:10871000FDF726FE07F26C6318460EF024FD07F203
:10872000846318460EF0CCFB0C4B00221A7007F540
:10873000926318460EF017FD07F5956318460EF084
:1087400012FD28E0C482010860800108DC020020DC
:10875000D4820108D8820108E082010801000020CB
:10876000F482010800830108108301082C830108AA
:108770000B4B00221A7007F5E863A3F23C7309491A
:1087800018680EF0A6FE07F5E863A3F5E86305494F
:1087900018680EF09EFE00BF07F5E867BD46B0BD45
:1087A0000100002040830108B0B5DCB004AF07F53C
:1087B000B073A3F5AE73186007F5B073A3F5B0738B
:1087C000196007F5B073A3F59E7007F5B073A3F5B4
:1087D000AE731A689A4903F0C9FF07F5B073A3F5A1
:1087E000AA7307F12401974A184604F001FC07F127
:1087F0000C0319469448FDF7B3FD07F10C03184626
:108800000EF0B1FC07F1240318460EF0ACFC00207A
:10881000FBF7EEF807F1840007F5B073A3F5AE732C
:108820001A688A4903F0A2FF07F16C0307F184017B
:10883000874A184604F0DCFB07F5B073A3F5B07364
:1088400018680EF0CFFC03461846F7F75BFE0446A7
:108850000D4607F19C030022002145EC104B184601
:10886000F8F762FE07F5B073A3F5867307F19C0273
:1088700007F16C01184604F000F841F28833C7F89C
:10888000BC3007F1BC03C7F8B4300123C7F8B830D7
:1088900007F1E00318460EF011FB07F1E00207F1C3
:1088A000C8036C4918460EF0C5FF07F1C803C7F8A6
:1088B000C0300123C7F8C43007F5B073A3F5927434
:1088C00007F1540202AD07F1C00393E8030085E805
:1088D000030001230193D7F8B8300093D7F8B430E0
:1088E0005D492046FBF798FA07F13C0318460EF065
:1088F0003AFC07F1C804183407F1C8039C4204D0BD
:10890000183C20460EF02FFCF6E707F1E00318466E
:108910000EF0D6FA07F1540318460EF024FC07F1C6
:108920009C0318460EF01FFC07F16C0318460EF06E
:108930001AFC07F1840318460EF015FC07F5B07316
:10894000A3F5B07307F1FC02196810460EF03EFF64
:1089500041F28833C7F81C3107F58E73C7F814311C
:108960000123C7F8183107F5A07318460EF0A6FAD0
:1089700007F5A07207F59473384918460EF05AFFB0
:1089800007F59473C7F820310123C7F8243107F1A4
:10899000E40407F1FC0202AD07F5907393E80300CD
:1089A00085E8030001230193D7F818310093D7F825
:1089B000143129492046FBF72FFA07F1E403184642
:1089C0000EF0D1FB07F59474183407F594739C42AC
:1089D00004D0183C20460EF0C6FBF6E707F5A0735E
:1089E00018460EF06DFA07F1FC0318460EF0BBFBBB
:1089F000FBF714F807F5AE7318460EF05FFA07F5AB
:108A0000AE7207F5A273164918460EF013FF07F56C
:108A1000A27319460C48FDF7A3FC07F5A27318468C
:108A20000EF0A1FB07F5AE7318460EF049FA0D489B
:108A3000FAF73CFE00BF07F5B077BD46B0BD00BFFA
:108A40004883010860830108DC0200206883010874
:108A50007483010878830108A00100203C7F01088D
:108A60008083010840420F00B0B598B004AF786031
:108A7000396007F108033A682549184603F076FE85
:108A800041F28833BB6207F128033B6201237B621A
:108A900007F14C0318460EF011FA07F14C0207F1EA
:108AA00034031C4918460EF0C5FE07F13403FB627F
:108AB00001233B637C6807F1080202AD07F12C0338
:108AC00093E8030085E80300012301937B6A009388
:108AD0003B6A11492046FBF79FF907F1340418342B
:108AE00007F134039C4204D0183C20460EF03BFBB7
:108AF000F6E707F14C0318460EF0E2F907F1080318
:108B000018460EF030FB00BF78685037BD46B0BD48
:108B1000888301083C7F0108A001002090B5ADF5D5
:108B2000037D02AFE148FAF77FFE51EC100B012301
:108B30001C464FF00002DE4BF7F7C6FF0346002B42
:108B400001D100231C46E3B2002B00F0FD8107F1A8
:108B50004C0318460EF0B2F907F14C0207F134034A
:108B6000D44918460EF066FE07F14C0318460EF085
:108B7000A7F907F1500318460EF0A0F907F15002CB
:108B800007F11C03CB4918460EF054FE07F15003C1
:108B900018460EF095F907F1540318460EF08EF9B9
:108BA00007F154023B1DC34918460EF043FE07F17E
:108BB000540318460EF084F907F1700318460EF0BE
:108BC0007DF907F1700207F15803BB4918460EF012
:108BD00031FE07F18C0318460EF070F907F18C0294
:108BE00007F17403B54918460EF024FE07F174032B
:108BF00007F15801002200920A22B148FDF72CFE2D
:108C00000346022B0CBF01230023DCB207F17403DF
:108C100018460EF0A8FA07F18C0318460EF050F92A
:108C200007F1580318460EF09EFA07F17003184634
:108C30000EF046F9002C00F0768107F1A8031846E3
:108C40000EF03CF907F1A80207F190039D49184680
:108C50000EF0F0FD07F1C40318460EF02FF907F1EE
:108C6000C40207F1AC03954918460EF0E3FD07F185
:108C7000AC0307F19001002200920A229048FDF710
:108C8000EBFD0346022B0CBF01230023DCB207F1EE
:108C9000AC0318460EF067FA07F1C40318460EF04D
:108CA0000FF907F1900318460EF05DFA07F1A803DB
:108CB00018460EF005F9002C1CD007F1E00382499C
:108CC00018460EF083FD07F50073A3F59C7307F1BA
:108CD000E00211461846FFF7C7FE07F1C803184621
:108CE0000EF041FA07F1E00318460EF03CFA774B1C
:108CF00002221A7007F5887318460EF0DFF807F5A0
:108D0000887207F1F803724918460EF093FD07F5D3
:108D1000967318460EF0D2F807F5967207F58A7327
:108D2000664918460EF086FD07F58A7307F1F801CB
:108D3000002200920A226248FDF78EFD0346022BB4
:108D40000CBF01230023DCB207F58A7318460EF02E
:108D50000AFA07F5967318460EF0B2F807F1F80311
:108D600018460EF000FA07F5887318460EF0A8F8BA
:108D7000002C1AD007F5A473564918460EF026FDAC
:108D800007F5987307F5A47211461846FFF76CFEB5
:108D900007F5987318460EF0E6F907F5A473184620
:108DA0000EF0E1F9494B02221A7007F5BC73184620
:108DB0000EF084F807F5BC7207F5B0734649184603
:108DC0000EF038FD07F5CA7318460EF077F807F570
:108DD000CA7207F5BE73394918460EF02BFD07F528
:108DE000BE7307F5B071002200920A223448FDF7E5
:108DF00033FD0346022B0CBF01230023DCB207F531
:108E0000BE7318460EF0AFF907F5CA7318460EF098
:108E100057F807F5B07318460EF0A5F907F5BC73BF
:108E200018460EF04DF8002C1AD007F5D8732B49D0
:108E300018460EF0CBFC07F5CC7307F5D872114637
:108E40001846FFF711FE07F5CC7318460EF08BF9A4
:108E500007F5D87318460EF086F91C4B02221A70DB
:108E600007F5F07318460EF029F807F5F07207F5CC
:108E7000E4731B4918460EF0DDFC07F5FE73184637
:108E80000EF01CF807F5FE7207F5F2730B49184651
:108E90000EF0D0FC07F5F27307F5E47100220092A2
:108EA0000A220748FDF7D8FC1CE000BF3004002070
:108EB0000000F03F707E0108A4830108D4820108FD
:108EC000DC020020D0830108940200200000002072
:108ED000F8830108AC02002024840108C4020020A9
:108EE0004C8401080346022B0CBF01230023DCB293
:108EF00007F5F27318460EF036F907F5FE731846BB
:108F00000DF0DEFF07F5E47318460EF02CF907F5B7
:108F1000F07318460DF0D4FF002C04D000F084F854
:108F20000C4B02221A700B4B02221A703B1D184682
:108F30000EF019F907F11C0318460EF014F907F1A9
:108F4000340318460EF00FF900BF07F50177BD4650
:108F500090BD00BF0000002080B598B000AF7860E1
:108F6000396000227B2178680EF09DFBF8650022B5
:108F70007D2178680EF097FBB865FB6DB3F1FF3F7C
:108F800049D0BB6DB3F1FF3F45D0BA6DFB6DD31A2D
:108F9000013307F10C00FA6D79680EF083FC07F1DC
:108FA0000C03194678680EF0EAF807F10C0318462E
:108FB0000EF0D9F83B687968184604F0FFF807F11D
:108FC0002403796818460EF001FC07F15403184693
:108FD0000DF074FF07F1540207F13C0310491846E5
:108FE0000EF028FC07F13C0207F1240101230D4893
:108FF000FDF7E6F907F13C0318460EF0B4F807F167
:10900000540318460DF05CFF07F1240318460EF0D8
:10901000AAF8022300E0002318466037BD4680BD51
:109020007C840108DC020020B0B5ADF5026D00AF14
:10903000EF48FAF7F9FBB0EE407AF0EE607A07F508
:109040000263A3F51B7300220021B0EE470AF0EE85
:10905000670A1846F8F768FA07F50263A3F5217363
:1090600007F2B452E349184603F082FC07F50263A5
:10907000A3F5277307F29C51DF4A184603F0B8FFA7
:1090800007F29C5318460EF06EF807F2B4531846D8
:109090000EF069F800F060FB07F2CC5318460DF0B3
:1090A0000DFF07F2CC5307F26C5020224FF496616B
:1090B0000EF036F807F2CC5318460DF001FF07F218
:1090C000845207F5BD63114618460EF07FFB07F585
:1090D0000263A3F5147307F5BD610022184600F082
:1090E00015FD07F5BA6207F26C53114618460EF0EB
:1090F00046F807F5BA6318460EF035F807F5BD6374
:1091000018460EF030F807F19003184604F000F806
:1091100007F1900207F26C5311461846FFF71CFF47
:109120000346022B0CBF01230023DBB2002B00F00F
:109130006882B24BC7F8B43707F5C063C7F8B037D9
:1091400007F19003C7F8AC37D7F8B437C7F8A8379A
:10915000D7F8B037D7F8AC271A60D7F8B037D7F8B8
:10916000A8275A6000BF07F1780407F5C063C7F865
:10917000CC37D7F8CC37C7F8C837D7F8C837C7F8CF
:10918000C437D7F8C40707F0BCFA0346C7F8C0379E
:10919000D7F8C037C7F8BC37D7F8BC371B68C7F853
:1091A000B837D7F8B807F9F780FA054600BFD7F8FF
:1091B000BC375B68184603F074FC03461946284622
:1091C00008F0BBFA024600BF00BF00BF07F2A4735D
:1091D00011461846F9F790F8D7F8A43719462046F3
:1091E00005F0FEFD00BF864BC7F8DC3707F5C1630D
:1091F000C7F8D83707F19003C7F8D437D7F8DC376A
:10920000C7F8D037D7F8D837D7F8D4271A60D7F8A7
:10921000D837D7F8D0275A6000BF07F1600407F5A8
:10922000C163C7F8F437D7F8F437C7F8F037D7F881
:10923000F037C7F8EC37D7F8EC0707F062FA0346C7
:10924000C7F8E837D7F8E837C7F8E437D7F8E4378E
:109250001B68C7F8E037D7F8E007F9F726FA0546A4
:1092600000BFD7F8E4375B68184603F01AFC0346E2
:109270001946284608F061FA024600BF00BF00BF49
:1092800007F5F46311461846F9F736F8D7F8A03712
:109290001946204605F0A4FD00BF5A4BC7F8043814
:1092A00007F5C263C7F8003807F19003C7F8FC3729
:1092B000D7F80438C7F8F837D7F80038D7F8FC27BC
:1092C0001A60D7F80038D7F8F8275A6000BF07F1BE
:1092D000480407F5C263C7F81C38D7F81C38C7F82C
:1092E0001838D7F81838C7F81438D7F8140807F022
:1092F00008FA0346C7F81038D7F81038C7F80C3802
:10930000D7F80C381B68C7F80838D7F80808F9F7F9
:10931000CCF9054600BFD7F80C385B68184603F057
:10932000C0FB03461946284608F007FA024600BF6C
:1093300000BF00BF07F29C7311461846F8F7DCFF28
:10934000D7F89C371946204605F04AFD00BF07F5BF
:109350000263A3F5EC732C4A2C49184603F006FA75
:1093600007F50263A3F5F87307F5C961284A1846A3
:1093700003F03EFE07F50263A3F5027307F16002F6
:1093800007F5C661184603F02BFF07F5C3631946BE
:109390002048FCF7E5FF07F5C36318460DF0E3FE30
:1093A00007F5C66318460DF0DEFE07F5C9631846DB
:1093B0000DF0D9FE07F50263A3F5C873164A1349E9
:1093C000184603F0D3F907F50263A3F5D47307F544
:1093D000D2610F4A184603F00BFE07F50263A3F5AE
:1093E000E07307F1780207F5CF61184616E000BF79
:1093F0001003002088840108D0840108E884010853
:10940000FC8401080C85010894020020A87E010854
:1094100018850108DC020020AC02002003F0E0FE09
:1094200007F5CC6319468F48FCF79AFF07F5CC6324
:1094300018460DF098FE07F5CF6318460DF093FE21
:1094400007F5D26318460DF08EFE07F50263A3F50B
:10945000A473854A8549184603F088F907F5026325
:10946000A3F5B07307F5DB61814A184603F0C0FD30
:1094700007F50263A3F5BC7307F1480207F5D8614D
:10948000184603F0ADFE07F5D56319467548FCF79D
:1094900067FF07F5D56318460DF065FE07F5D8633D
:1094A00018460DF060FE07F5DB6318460DF05BFE15
:1094B00007F1600207F5DE63114618460EF086F9E3
:1094C00007F50263A3F5FE6307F5DE610022184687
:1094D00000F01CFB07F5DE6318460DF044FE07F1B3
:1094E0003003184600F0CCF807F1780207F5E16385
:1094F000114618460EF06AF907F50263A3F6080351
:1095000007F5E1610022184600F000FB07F5E16372
:1095100018460DF028FE07F11803184600F0B0F8C1
:1095200007F1480207F5E463114618460EF04EF9BC
:1095300007F50263A3F5026307F5E461002218460C
:1095400000F0E4FA07F5E46318460DF00CFE3B4624
:10955000184600F095F807F5E763464918460EF0FF
:1095600035F907F1300207F5E76311461846FFF7B2
:109570001BF907F5E76318460DF0F5FD07F5EA63FB
:109580003D4918460EF022F907F1180207F5EA6383
:1095900011461846FFF708F907F5EA6318460DF07B
:1095A000E2FD07F5ED63304918460EF00FF93A4633
:1095B00007F5ED6311461846FFF7F6F807F5ED637A
:1095C00018460DF0D0FD3B4618460DF0CCFD07F1D6
:1095D000180318460DF0C7FD07F1300318460DF0CB
:1095E000C2FD07F1480318460DF0BDFD07F1600309
:1095F00018460DF0B8FD07F1780318460DF0B3FDDD
:109600001CE007F5F36318460DF058FC07F5F3620C
:1096100007F5F063194918460EF00CF907F5F063E9
:1096200019461048FCF79CFE07F5F06318460DF04C
:109630009AFD07F5F36318460DF042FC07F190031D
:109640001846FDF74AFA07F26C5318460DF08BFDE9
:1096500007F2845318460DF086FD07F50267BD46F4
:10966000B0BD00BFDC020020C4020020A87E0108BB
:109670001885010894020020AC0200201C85010816
:1096800080B59EB000AF786007F1240318460DF056
:1096900015FC07F1240207F10C032B4918460EF0C4
:1096A000C9F807F1240318460DF00AFC07F10C0372
:1096B0000022194678680DF0E1FF786707F10C0386
:1096C0004FF0FF32194678680EF02EF80346023349
:1096D0003B673A6F7B6FD31A07F128007A6F79687E
:1096E0000EF0E0F807F12803194678680DF047FD01
:1096F00007F1280318460DF036FD07F158037A6884
:109700001249184603F032F807F1400307F15801F7
:109710000F4A184603F06CFC07F1400319460D4848
:10972000FCF71EFE07F1400318460DF01CFD07F183
:10973000580318460DF017FD07F10C0318460DF0FD
:1097400012FD7837BD4680BD30850108348501089B
:109750009C820108DC020020B0B5F0B004AF07F134
:10976000340318460DF0AAFB07F1340207F11C037D
:10977000DF4918460EF05EF807F5D873A3F5B87305
:1097800041F288321A6007F5D873A3F5BC7307F16C
:1097900040021A6007F5D873A3F5BC7301225A6022
:1097A00007F1640318460DF089FB07F1640207F125
:1097B0004C03D04918460EF03DF807F5D873A3F5D1
:1097C000B67307F14C021A6007F5D873A3F5B673A8
:1097D00001225A6007F5D873A3F5D67407F5D8733C
:1097E000A3F5BC7307F11C0507F5D872A2F5B67195
:1097F00002AA03C982E80300052201925A68009276
:109800001B682A46BC492046FAF706FB3B1D184652
:109810000DF0A9FC07F14C04183407F14C039C42ED
:1098200004D0183C20460DF09EFCF6E707F16403D7
:1098300018460DF045FB07F11C0318460DF093FC8C
:1098400007F1340318460DF03BFB07F19803184667
:109850000DF034FB07F1980207F18003A749184681
:109860000DF0E8FF07F5D873A3F5867341F288324F
:109870001A6007F5D873A3F58A7307F1A4021A607A
:1098800007F5D873A3F58A7301225A6007F1C8035C
:1098900018460DF013FB07F1C80207F1B003954914
:1098A00018460DF0C7FF07F5D873A3F5847307F1C9
:1098B000B0021A6007F5D873A3F5847301225A60C9
:1098C00007F5D873A3F5A47407F5D873A3F58A73C5
:1098D00007F1800507F5D872A2F5847102AA03C9C1
:1098E00082E80300052201925A6800921B682A460A
:1098F00081492046FAF790FA07F1680318460DF0FF
:1099000032FC07F1B004183407F1B0039C4204D0D4
:10991000183C20460DF027FCF6E707F1C80318466F
:109920000DF0CEFA07F1800318460DF01CFC07F18C
:10993000980318460DF0C4FA07F1FC0318460DF021
:10994000BDFA07F1FC0207F1E4036D4918460DF07A
:1099500071FF40F6B833C7F8083107F58473C7F8CC
:1099600000310123C7F8043107F5A27318460DF042
:10997000A5FA07F5A27207F58A73624918460DF039
:1099800059FF07F5A47318460DF098FA07F5A4726D
:1099900007F58A731833574918460DF04BFF07F542
:1099A0008A73C7F80C310223C7F8103107F1CC04D1
:1099B00007F1E40202AD07F5867393E8030085E83A
:1099C000030005230193D7F804310093D7F8003141
:1099D00049492046FAF720FA07F1CC0318460DF062
:1099E000C2FB07F58A74303407F58A739C4204D0B1
:1099F000183C20460DF0B7FBF6E707F5A4731846B0
:109A00000DF05EFA07F5A27318460DF059FA07F14A
:109A1000E40318460DF0A7FB07F1FC0318460DF010
:109A20004FFA07F5BE7318460DF048FA07F5BE72F7
:109A300007F5B273344918460DF0FCFE41F2883345
:109A4000C7F8883107F5C473C7F880310123C7F818
:109A5000843107F5D67318460DF030FA07F5D67243
:109A600007F5CA73234918460DF0E4FE07F5CA73DB
:109A7000C7F88C310123C7F8903107F5A67407F5B4
:109A8000B27202AD07F5C67393E8030085E80300E0
:109A900005230193D7F884310093D7F88031164914
:109AA0002046FAF7B9F907F5A67318460DF05BFBE7
:109AB00007F5CA74183407F5CA739C4204D0183CE1
:109AC00020460DF050FBF6E707F5D67318460DF06B
:109AD000F7F907F5B27318460DF045FB07F5BE73AD
:109AE00018460DF0EDF900BF07F5D877BD46B0BDBB
:109AF000488501083C7F0108A00100206485010819
:109B00007C8501088C85010898850108B0B5EAB00C
:109B100004AF07F5CC73A3F5C673186007F5CC73D3
:109B2000A3F5C873196007F5CC73A3F5C9731A8040
:109B300007F5CC73A3F5B67007F5CC73A3F5C8731E
:109B40001A68C74902F012FE07F5CC73A3F5A67395
:109B500041F288321A6007F5CC73A3F5AA7307F1B6
:109B60004C021A6007F5CC73A3F5AA7301225A6060
:109B700007F1700318460DF0A1F907F1700207F123
:109B80005803B84918460DF055FE07F5CC73A3F5F8
:109B9000A47307F158021A6007F5CC73A3F5A473F8
:109BA00001225A6007F5CC73A3F5C27407F5CC7394
:109BB000A3F5AA7307F12C0507F5CC72A2F5A471E1
:109BC00002AA03C982E80300012201925A680092A6
:109BD0001B682A46A4492046FAF71EF907F1140328
:109BE00018460DF0C0FA07F15804183407F158036D
:109BF0009C4204D0183C20460DF0B5FAF6E707F178
:109C0000700318460DF05CF907F12C0318460DF0AF
:109C1000AAFA07F1A40318460DF050F907F1A402BF
:109C200007F18C03914918460DF004FE904A07F1A4
:109C3000B00392E8030083E8030007F1B003C7F81C
:109C4000A8300223C7F8AC3007F1F00318460DF036
:109C500035F907F1F00207F1C003864918460DF007
:109C6000E9FD07F1F40318460DF028F907F1F402B5
:109C700007F1C00318337B4918460DF0DBFD07F1EF
:109C8000C003C7F8B8300223C7F8BC3007F5CC735F
:109C9000A3F5927407F18C0202AD07F1B80393E8C3
:109CA000030085E8030001230193D7F8AC3000934B
:109CB000D7F8A8306C492046FAF7AEF807F17403DC
:109CC00018460DF050FA07F1C004303407F1C00314
:109CD0009C4204D0183C20460DF045FAF6E707F107
:109CE000F40318460DF0ECF807F1F00318460DF0F8
:109CF000E7F807F18C0318460DF035FA07F1A403D5
:109D000018460DF0DDF85C48F9F7D0FC07F5CC7388
:109D1000A3F5C9731B881846F6F7F4FB04460D46F5
:109D200007F588730022002145EC104B1846F7F721
:109D3000FBFB07F1F80307F588725049184602F05B
:109D400017FE4F4A07F5987307CA83E8070007F51F
:109D50009873C7F828310323C7F82C3107F5C67369
:109D600018460DF0ABF807F5C67207F5A2733D492A
:109D700018460DF05FFD07F5C87318460DF09EF804
:109D800007F5C87207F5A27318333E4918460DF05F
:109D900051FD07F5CA7318460DF090F807F5CA7221
:109DA00007F5A2733033384918460DF043FD07F527
:109DB000A273C7F83C310323C7F8403107F5CC73D1
:109DC000A3F5C6731C6807F1F80202AD07F59E7390
:109DD00093E8030085E8030001230193D7F82C31B1
:109DE0000093D7F8283120492046FAF715F807F5EF
:109DF000A274483407F5A2739C4204D0183C204654
:109E00000DF0B1F9F6E707F5CA7318460DF058F8EA
:109E100007F5C87318460DF053F807F5C6731846D2
:109E20000DF04EF807F1F80318460DF09CF907F510
:109E3000887318460DF097F907F5CC73A3F5C67330
:109E400007F5CC72A2F5C67212681A6007F5CC73DA
:109E5000A3F5C673186807F5CC77BD46B0BD00BF43
:109E6000B08501083C7F0108A0010020C4850108DD
:109E7000FC850108D485010840420F00E0850108F7
:109E800004860108F0850108707E010880B483B063
:109E900000AF78607B681B6818460C37BD465DF8DC
:109EA000047B7047B0B5F6B000AF07F5EC73A3F5CF
:109EB000E673186007F5EC73A3F5EA7383E8060010
:109EC00007F5987007F5EC73A3F5E6731A68B149C6
:109ED00002F04CFC07F58C7307F59871AE4A1846F2
:109EE00003F086F83B1D1846FFF7D0FF03461B78AA
:109EF0001846F6F707FB04460D4607F5A473012242
:109F0000002145EC104B1846F7F70EFB07F5807360
:109F100007F5A47207F58C71184602F0AEFC07F144
:109F2000E80307F580719D4A184603F061F83B1D70
:109F30001846FFF7ABFF034601331B781846F6F7C8
:109F4000E1FA04460D4607F5B0730122002145EC05
:109F5000104B1846F7F7E8FA07F5EC73A3F584738E
:109F600007F5B07207F1E801184602F086FC07F524
:109F7000EC73A3F5907307F1D001884A184603F0FB
:109F800037F83B1D1846FFF781FF034602331B7865
:109F90001846F6F7B7FA04460D4607F5BC730122DA
:109FA000002145EC104B1846F7F7BEFA07F5EC73A5
:109FB000A3F59C7307F5BC7207F1B801184602F0CF
:109FC0005CFC07F5EC73A3F5A87307F1A001744AD4
:109FD000184603F00DF83B1D1846FFF757FF0346E0
:109FE00003331B781846F6F78DFA04460D4607F53D
:109FF000C8730122002145EC104B1846F7F794FA7C
:10A0000007F5EC73A3F5B47307F5C87207F188017F
:10A01000184602F032FC07F5EC73A3F5C07307F1A4
:10A020007001604A184602F0E3FF3B1D1846FFF737
:10A030002DFF034604331B781846F6F763FA0446EF
:10A040000D4607F5D4730122002145EC104B18464C
:10A05000F7F76AFA07F5EC73A3F5CC7307F5D4723A
:10A0600007F15801184602F008FC07F5EC73A3F558
:10A07000D87307F140014B4A184602F0B9FF3B1D67
:10A080001846FFF703FF034605331B781846F6F71B
:10A0900039FA04460D4607F5E0730122002145EC2C
:10A0A000104B1846F7F740FA07F5EC73A3F5E47385
:10A0B00007F5E07207F12801184602F0DEFB07F110
:10A0C000100319463848FCF74BF907F110031846FE
:10A0D0000DF049F807F5E07318460DF044F807F164
:10A0E000280318460DF03FF807F1400318460DF01D
:10A0F0003AF807F5D47318460DF035F807F1580310
:10A1000018460DF030F807F1700318460DF02BF8E3
:10A1100007F5C87318460DF026F807F188031846AE
:10A120000DF021F807F1A00318460DF01CF807F513
:10A13000BC7318460DF017F807F1B80318460DF078
:10A1400012F807F1D00318460DF00DF807F5B073BB
:10A1500018460DF008F807F1E80318460DF003F86B
:10A1600007F5807318460CF0FEFF07F5A473184638
:10A170000CF0F9FF07F58C7318460CF0F4FF07F5A7
:10A18000987318460CF0EFFF00BF07F5EC77BD465B
:10A19000B0BD00BFA87E01081C860108208601080A
:10A1A0002486010828860108DC02002080B592B0D0
:10A1B00000AF07F1080300221A605A609A60DA6063
:10A1C0001A6100237B6007F1080300221946214829
:10A1D0000BF01DFC3B1D002219461E480BF0FAFC3B
:10A1E00007F1340318460CF069FE07F1340207F159
:10A1F0001C03194918460DF01DFB3B7A87F84030C7
:10A200007B7A87F84130BB7A87F84230BB7987F890
:10A2100043307B7987F84430FB7987F8453007F184
:10A220004003BB630623FB6307F11C0007F13803FF
:10A2300093E80600FFF736FE07F11C0318460CF002
:10A2400092FF07F1340318460CF03AFE00BF48377E
:10A25000BD4680BDDC0E002068860108B0B5ADF5B6
:10A260000C7D04AF474B1B7887F81F3297F81F32DD
:10A27000022B02D0434B02221A7007F1C803184682
:10A280000CF01CFE07F1C80207F1B0033E49184666
:10A290000DF0D0FA07F50873A3F5A6734FF47A72A0
:10A2A0001A6007F50873A3F5AA7307F1D4021A60C0
:10A2B00007F50873A3F5AA7301225A6007F1F803A2
:10A2C00018460CF0FBFD07F1F80207F1E0032F49F7
:10A2D00018460DF0AFFA07F50873A3F5A47307F15C
:10A2E000E0021A6007F50873A3F5A47301225A600F
:10A2F00007F50873A3F5C47407F50873A3F5AA73EB
:10A3000007F1B00507F50872A2F5A47102AA03C906
:10A3100082E803000A2201925A6800921B682A46CA
:10A320001B492046F9F778FD07F1E004183407F1DE
:10A33000E0039C4204D0183C20460CF014FFF6E7E2
:10A3400007F1F80318460CF0BBFD07F1B0031846FF
:10A350000CF009FF07F1C80318460CF0B1FD07F136
:10A36000980318460CF06CFF034683F00103DBB240
:10A37000002B0FD0034B1B78DBB2022B0AD1012339
:10A3800009E000BF00000020708601087C860108FB
:10A39000A00100200023002B00F0A582EA4A97F8D4
:10A3A0001F32137007F198030022222118460DF086
:10A3B0007AF903460133C7F8183207F19803D7F842
:10A3C00018222F2118460DF06EF9C7F81402D7F89D
:10A3D0001422D7F81832D31A07F50872A2F5927032
:10A3E00007F19801D7F818220DF05CFA07F1FC0389
:10A3F0001846F7F73DF953EC102B10461946F6F7BF
:10A40000BDFB034687F8133207F1FC0318460CF036
:10A41000AAFED7F814320133C7F8183207F19803AF
:10A42000D7F818222F2118460DF03DF9C7F814026D
:10A43000D7F81422D7F81832D31A07F50872A2F504
:10A44000867007F19801D7F818220DF02BFA07F55E
:10A450008A731846F7F70CF953EC102B104619467F
:10A46000F6F78CFB034687F8123207F58A73184615
:10A470000CF079FED7F814320133C7F8183207F11F
:10A480009803D7F818222C2118460DF00CF9C7F8BC
:10A490001402D7F81422D7F81832D31A07F5967099
:10A4A00007F19801D7F818220DF0FCF907F596731B
:10A4B0001846F7F7DDF853EC102B10461946F6F75F
:10A4C0005DFB034687F8113207F5967318460CF0CA
:10A4D0004AFED7F814320133C7F8183207F198034F
:10A4E000D7F818223A2118460DF0DDF8C7F8140203
:10A4F000D7F81422D7F81832D31A07F5A27007F14B
:10A500009801D7F818220DF0CDF907F5A273184677
:10A51000F7F7AEF853EC102B10461946F6F72EFB62
:10A52000034687F8103207F5A27318460CF01BFE9D
:10A53000D7F814320133C7F8183207F19803D7F867
:10A5400018223A2118460DF0AEF8C7F81402D7F8D1
:10A550001422D7F81832D31A07F5AE7007F1980114
:10A56000D7F818220DF09EF907F5AE731846F7F7E5
:10A570007FF853EC102B10461946F6F7FFFA034606
:10A5800087F80F3207F5AE7318460CF0ECFDD7F8DC
:10A5900014320133C7F8183207F19803D7F818229C
:10A5A0002B2118460DF07FF8C7F81402D7F81422B3
:10A5B000D7F81832D31A07F5BA7007F19801D7F80F
:10A5C00018220DF06FF907F5BA731846F7F750F82F
:10A5D00053EC102B10461946F6F7D0FA034687F8CD
:10A5E0000E3207F5BA7318460CF0BDFD07F5D273AD
:10A5F00018460CF063FC07F5D27207F5C673534991
:10A6000018460DF017F997F8103287F8B03197F81F
:10A610000F3287F8B13197F80E3287F8B23197F8D8
:10A62000133287F8B33197F8123287F8B43197F8BC
:10A63000113287F8B53107F5D873C7F8A83106236A
:10A64000C7F8AC3107F5C67007F5D47393E8060078
:10A65000FFF728FC07F5C67318460CF084FD07F5D4
:10A66000D27318460CF02CFC07F50873A3F5CE73D3
:10A670001A460023136053609360D360136107F59B
:10A680000873A3F5D07300221A6007F50873A3F5C9
:10A69000CE7397F810221A7007F50873A3F5CE73DE
:10A6A00097F80F225A7007F50873A3F5CE7397F841
:10A6B0000E229A7007F50873A3F5CE730022DA60B4
:10A6C00007F50873A3F5CE7300221A6107F184031E
:10A6D000002219461E480BF0FDF80346002B14BF5C
:10A6E00001230023DBB2002B01D001F091FE07F51E
:10A6F0000873A3F5D07301221A7007F50873A3F548
:10A70000D07397F812225A7007F50873A3F5D07327
:10A7100097F813229A7007F50873A3F5D07397F88A
:10A720001122DA7007F180030022194608480BF065
:10A73000CAF90346002B14BF01230023DBB2002B10
:10A7400008D001F065FE05E00000002084860108C5
:10A75000DC0E0020FFF72AFD07F50873A3F5087348
:10A7600018462C231A4600210DF072FA07F50873DB
:10A77000A3F5FA7318462C231A4600210DF068FA47
:10A78000394600234FF480725B480BF0ADFB07F1B4
:10A790002C0100234FF4007257480BF0A5FB07F57E
:10A7A0000873A3F5DA7207F50873A3F50873144666
:10A7B0001D460FCD0FC42B68236007F50873A3F562
:10A7C000E47207F50873A3F5FA7314461D460FCD1E
:10A7D0000FC42B68236007F5E87318460CF06EFB76
:10A7E00007F5E87207F5DC73444918460DF022F8C6
:10A7F00007F50873A3F5DA731B7887F8DC3107F5E2
:10A800000873A3F5DA735B7887F8DD3107F5087311
:10A81000A3F5DA739B7887F8DE31002387F8DF3100
:10A82000002387F8E031002387F8E13107F5EE7364
:10A83000C7F8D4310623C7F8D83107F5DC7007F51F
:10A84000EA7393E80600FFF72DFB07F5DC73184663
:10A850000CF089FC07F5E87318460CF031FB07F59E
:10A86000FE7318460CF02AFB07F5FE7207F5F2732B
:10A87000234918460CF0DEFF07F50873A3F5E473CF
:10A880001B7887F8083207F50873A3F5E4735B7843
:10A8900087F8093207F50873A3F5E4739B7887F806
:10A8A0000A32002387F80B32002387F80C3200238A
:10A8B00087F80D3207F50273C7F800320623C7F890
:10A8C000043207F5F27007F5007393E80600FFF70E
:10A8D000E9FA07F5F27318460CF045FC07F5FE732C
:10A8E00018460CF0EDFA07F1980318460CF03BFC03
:10A8F00007F50877BD46B0BDDC0E00208C86010848
:10A9000094860108B0B5E0B004AF07F5B873A3F5BD
:10A91000B673186007F5B873A3F5A87007F5B87398
:10A92000A3F5B6731A68B14901F020FF07F5B873B3
:10A93000A3F5987341F288321A6007F5B873A3F54E
:10A940009C7307F140021A6007F5B873A3F59C7376
:10A9500001225A6007F1640318460CF0AFFA07F1C0
:10A96000640207F14C03A24918460CF063FF07F597
:10A97000B873A3F5967307F14C021A6007F5B87324
:10A98000A3F5967301225A6007F5B873A3F5B47462
:10A9900007F5B873A3F59C7307F1200507F5B872A6
:10A9A000A2F5967102AA03C982E80300052201926A
:10A9B0005A6800921B682A468E492046F9F72CFAFD
:10A9C00007F1080318460CF0CEFB07F14C041834CD
:10A9D00007F14C039C4204D0183C20460CF0C3FB0A
:10A9E000F6E707F1640318460CF06AFA07F1200352
:10A9F00018460CF0B8FB07F1980318460CF05EFA05
:10AA000007F1980207F180037B4918460CF012FF0A
:10AA10007A4A07F1A40392E8030083E8030007F1F0
:10AA2000A403C7F89C300223C7F8A03007F1E40361
:10AA300018460CF043FA07F1E40207F1B403704939
:10AA400018460CF0F7FE07F1E80318460CF036FA4A
:10AA500007F1E80207F1B4031833654918460CF012
:10AA6000E9FE07F1B403C7F8AC300223C7F8B030F1
:10AA700007F5B873A3F5847407F1800202AD07F1FE
:10AA8000AC0393E8030085E8030005230193D7F89E
:10AA9000A0300093D7F89C3056492046F9F7BCF90E
:10AAA00007F1680318460CF05EFB07F1B40430347C
:10AAB00007F1B4039C4204D0183C20460CF053FB31
:10AAC000F6E707F1E80318460CF0FAF907F1E4039A
:10AAD00018460CF0F5F907F1800318460CF043FB1B
:10AAE00007F1980318460CF0EBF94648F8F7DEFD3D
:10AAF00007F58E7318460CF0E1F907F58E7207F52D
:10AB00008273414918460CF095FE404A07F594734C
:10AB100092E8030083E8030007F59473C7F8203137
:10AB20000223C7F8243107F5B47318460CF0C6F9B0
:10AB300007F5B47207F59C732D4918460CF07AFEA0
:10AB400007F5B67318460CF0B9F907F5B67207F5B4
:10AB50009C7318332E4918460CF06CFE07F59C7355
:10AB6000C7F830310223C7F8343107F1EC0407F598
:10AB7000827202AD07F5987393E8030085E803003D
:10AB800005230193D7F824310093D7F820311949D0
:10AB90002046F9F741F907F1EC0318460CF0E3FA07
:10ABA00007F59C74303407F59C739C4204D0183C24
:10ABB00020460CF0D8FAF6E707F5B67318460CF005
:10ABC0007FF907F5B47318460CF07AF907F582732C
:10ABD00018460CF0C8FA07F58E7318460CF070F999
:10ABE00000BF07F5B877BD46B0BD00BFB08501080E
:10ABF0003C7F0108A0010020C4850108FC850108F4
:10AC0000D485010840420F00B0860108D4860108AF
:10AC1000C086010880B596B000AF786039604FF00B
:10AC2000FF321F4978680CF085FD78657B6D002B3D
:10AC300032D07B6D5A1C07F10C004FF0FF3379685E
:10AC40000CF030FE07F10C03194638680CF097FA47
:10AC500007F10C0318460CF086FA07F13C033A683A
:10AC60001049184601F082FD07F1240307F13C0169
:10AC70000D4A184602F0BCF907F1240319460B48A7
:10AC8000FBF76EFB07F1240318460CF06CFA07F192
:10AC90003C0318460CF067FA00BF5837BD4680BD2C
:10ACA00028860108DC860108EC860108DC02002009
:10ACB00080B582B000AF78600448F8F7F7FC786898
:10ACC000FFF720FE00BF0837BD4680BD40420F00A1
:10ACD00080B400AF00BFBD465DF8047B7047000044
:10ACE00080B483B000AF7860044B01221A7000BFBB
:10ACF0000C37BD465DF8047B704700BF0803002099
:10AD000080B582B000AF786009F076FB00BF0837ED
:10AD1000BD4680BD80B582B000AF78600D4B1B781A
:10AD2000DBB2022B06D0022B10DC002B0DD0012B46
:10AD300007D00BE0084809F03FFB064B00221A70D1
:10AD400004E0054809F038FB00E000BF00BF083709
:10AD5000BD4680BD0200002000010020F0B5C9B052
:10AD600004AF07F58873A3F58673186000F040F907
:10AD70000346002B00F0208107F1540318460CF025
:10AD80009DF807F1540207F13C038F4918460CF077
:10AD900051FD42F210733B6607F16003BB6501236E
:10ADA000FB6507F1840318460CF088F807F184026C
:10ADB00007F16C03854918460CF03CFD07F16C0364
:10ADC0007B660123BB6607F1240407F13C0202AE57
:10ADD00007F1640393E8030086E80300032301936B
:10ADE000FB6D0093BB6D7A492046F9F715F807F122
:10ADF0006C04183407F16C039C4204D0183C2046C4
:10AE00000CF0B1F9F6E707F1840318460CF058F896
:10AE100007F13C0318460CF0A6F907F15403184655
:10AE20000CF04EF807F1240318460CF0D9F903464C
:10AE3000022B94BF01230023DCB207F1A0031846C4
:10AE40000CF03CF807F1A00207F1880361491846AD
:10AE50000CF0F0FC07F188031946204600F0E4F8F6
:10AE600007F1880318460CF07EF907F1A003184695
:10AE70000CF026F800F0BCF80346002B00F094809C
:10AE800007F58873A3F5867318680CF0C1FB0146BB
:10AE900007F12403002218460CF0F6FBC7F80C015A
:10AEA000D7F80C31B3F1FF3F24D107F1BC0007F50F
:10AEB0008873A3F586731A68474901F057FC07F1B8
:10AEC000A40307F1BC01454A184602F091F807F1C6
:10AED000A40319464248FBF743FA07F1A4031846B6
:10AEE0000CF041F907F1BC0318460CF03CF94FF0A7
:10AEF000FF3557E007F12403D7F80C2139491846EC
:10AF00000CF0C2FBC7F8080107F58873A3F5867338
:10AF100018680CF065F90246D7F80C311344013378
:10AF2000C7F80431D7F80821D7F80431D31A07F548
:10AF30008872A2F5827007F12401D7F804210CF081
:10AF4000B1FC07F1EC0307F10C022749184601F0A8
:10AF50000DFC07F1D40307F1EC01244A184602F076
:10AF600047F807F1D40319461D48FBF7F9F907F133
:10AF7000D40318460CF0F7F807F1EC0318460CF070
:10AF8000F2F807F10C031846F6F772FB53EC102B9E
:10AF900010461946F5F7F2FD054607F10C03184671
:10AFA0000CF0E1F8002400E0012407F12403184626
:10AFB0000CF0D9F8012C01D14FF0FF352B46184683
:10AFC00007F58A77BD46F0BD908701083C7F0108F0
:10AFD000A00100209C870108A4870108A87E010821
:10AFE000DC020020B8870108BC870108EC86010854
:10AFF00080B483B000AF0A4B1B78DBB2022B06D1C2
:10B00000084B1B78DBB2022B01D1012300E00023A7
:10B01000FB71FB7918460C37BD465DF8047B704721
:10B02000010000200000002080B588B000AF03467A
:10B030003960FB71FB79002B14D00C4B00221A7085
:10B0400007F108033A680A49184601F08FFB07F137
:10B05000080319460748FBF783F907F10803184668
:10B060000CF081F800BF2037BD4680BD01000020F4
:10B07000D0870108DC020020B0B5ADF50C7D04AF2F
:10B0800007F50873A3F50773186007F50873A3F5B0
:10B0900008731960F8F732FB07F1500318460BF0FC
:10B0A0000DFF07F1500307F13800202241F28831EB
:10B0B0000CF036F807F1500318460BF001FF07F1CA
:10B0C000200318460CF01EF807F1080318460CF090
:10B0D00019F807F16C0318460BF0F0FE07F16C024B
:10B0E00007F15403B14918460CF0A4FB07F15403CF
:10B0F0001946AF48FBF734F907F1540318460CF032
:10B1000032F807F16C0318460BF0DAFE0020F8F76E
:10B110006FFC4FF48053C7F810320023C7F8183281
:10B12000E6E1FFF765FF0346002B00F0F181D7F859
:10B130001832D7F8102202FB03F3C7F80C32D7F805
:10B140000C22D7F81032134407F50872A2F50872E2
:10B1500012689A4204D9D7F81032C7F81C3209E0B5
:10B1600007F50873A3F508731A68D7F80C32D31AD9
:10B17000C7F81C3207F50873A3F5A87007F5087324
:10B18000A3F507731A688B4901F0F0FA07F5087305
:10B19000A3F5B47307F1D001874A184601F028FFE0
:10B1A000D7F81C02F5F7AEF904460D4607F508730B
:10B1B000A3F59C730022002145EC104B1846F6F7CE
:10B1C000B3F907F50873A3F5C07307F1E80207F1B7
:10B1D000B801184601F051FB07F50873A3F5CC73CD
:10B1E00007F1A001754A184601F002FFD7F80C02DA
:10B1F000F5F788F904460D4607F50873A3F5907333
:10B200000022002145EC104B1846F6F78DF907F5A2
:10B210000873A3F5D87307F5807207F18801184603
:10B2200001F02BFB07F1700207F1200311461846CD
:10B230000BF0A5FF07F1700318460BF094FF07F51C
:10B24000807318460BF08FFF07F1880318460BF048
:10B250008AFF07F1A00318460BF085FF07F1E8030A
:10B2600018460BF080FF07F1B80318460BF07BFF80
:10B2700007F1D00318460BF076FFD7F81C02F5F75C
:10B2800041F904460D4607F5A4730022002145EC60
:10B29000104B1846F6F748F907F5987307F5A472AE
:10B2A0004749184601F064FB07F50873A3F584735A
:10B2B00007F59871414A184601F09AFE07F58C721D
:10B2C00007F10803114618460BF059FF07F58C7378
:10B2D00018460BF048FF07F5987318460BF043FF2C
:10B2E00007F5A47318460BF03EFF07F13803184624
:10B2F0000BF0A1FF07F1200207F5B07311461846C5
:10B300000CF064FA41F28833C7F8803107F5C07356
:10B31000C7F878310123C7F87C3107F5D273184696
:10B320000BF0CCFD07F5D27207F5C6732549184618
:10B330000CF080FA07F5C673C7F884310123C7F80B
:10B34000883107F5B07407F13803039301AA07F5B4
:10B35000C27393E8030082E803000123009307F51A
:10B36000BC730CCB21461848F9F77AF907F5C67477
:10B37000183407F5C6739C4204D0183C20460BF0E5
:10B38000F2FEF6E707F5D27318460BF099FD07F5C4
:10B39000B07318460BF0E7FEFFF72AFE0346002BBA
:10B3A00000F0A1800023C7F8143219E0E8870108F3
:10B3B000DC02002014820108F88701087483010868
:10B3C000008801083C7F0108A001002007F1380334
:10B3D00018460BF095FFD7F814320133C7F8143232
:10B3E000D7F81432052BF1DD07F1080318460BF0EE
:10B3F000F7FE024607F13803002118460BF062FF02
:10B4000007F1380318460BF0EBFE0246D7F81C3262
:10B41000934214BF01230023DCB207F5E073184602
:10B420000BF04CFD07F5E07207F5D473434918465D
:10B430000CF000FA07F5D47319462046FFF7F4FD27
:10B4400007F5D47318460BF08EFE07F5E073184627
:10B450000BF036FDFFF7CCFD0346002B43D007F180
:10B46000380318460BF0BCFE03461846F5F74AF8B9
:10B4700004460D4607F5FA730022002145EC104BF7
:10B480001846F6F751F807F5EE7307F5FA722C49EE
:10B49000184601F06DFA07F5E27307F5EE71294AD7
:10B4A000184601F0A5FD07F5E27319462648FAF79C
:10B4B00057FF07F5E27318460BF055FE07F5EE73DC
:10B4C00018460BF050FE07F5FA7318460BF04BFECA
:10B4D00007F138030121184600F030FD07F1380369
:10B4E00018460BF0A8FED7F818320133C7F8183207
:10B4F00007F50873A3F508731A68D7F81032B2FB82
:10B50000F3F30133D7F818229A42FFF40AAE00E0B1
:10B5100000BFF8F783FA07F1080318460BF023FE83
:10B5200007F1200318460BF01EFE07F138031846FA
:10B530000BF019FE07F50877BD46B0BD0C88010871
:10B540002488010830880108DC020020B0B5D6B09C
:10B5500004AF07F5A473A3F5A273186007F13803CD
:10B5600018460BF0ABFC07F1380207F120039E49A7
:10B5700018460CF05FF907F5A473A3F5827342F245
:10B5800010721A6007F5A473A3F5867307F14402DD
:10B590001A6007F5A473A3F5867301225A6007F1B8
:10B5A000680318460BF08AFC07F1680207F15003A4
:10B5B0008E4918460CF03EF907F5A473A3F5807385
:10B5C00007F150021A6007F5A473A3F580730122F6
:10B5D0005A6007F5A473A3F5A07407F5A473A3F547
:10B5E000867307F1200507F5A472A2F5807102AAFF
:10B5F00003C982E80300052201925A6800921B6881
:10B600002A467B492046F8F707FC07F1080318464D
:10B610000BF0A9FD07F15004183407F150039C42C8
:10B6200004D0183C20460BF09EFDF6E707F16803B6
:10B6300018460BF045FC07F1200318460BF093FD6C
:10B6400007F1380318460BF03BFC07F19C0007F5A7
:10B65000A473A3F5A2731A68664901F087F807F18D
:10B66000840307F19C01644A184601F0C1FC42F2D0
:10B670001073C7F8BC3007F1BC03C7F8B43001231E
:10B68000C7F8B83007F1E00318460BF017FC07F1D4
:10B69000E00207F1C803554918460CF0CBF807F152
:10B6A000C803C7F8C0300123C7F8C43007F16C04E1
:10B6B00007F1840202AD07F1C00393E8030085E8B7
:10B6C000030005230193D7F8B8300093D7F8B430BE
:10B6D00047492046F8F7A0FB07F16C0318460BF02A
:10B6E00042FD07F1C804183407F1C8039C4204D096
:10B6F000183C20460BF037FDF6E707F1E00318464B
:10B700000BF0DEFB07F1840318460BF02CFD07F16C
:10B710009C0318460BF027FD07F58A7318460BF0BB
:10B72000CDFB07F58A7207F1FC032F4918460CF090
:10B7300081F842F21073C7F8203107F59073C7F80B
:10B7400018310123C7F81C3107F5A27318460BF016
:10B75000B5FB07F5A27207F59673244918460CF05D
:10B7600069F807F59673C7F824310123C7F8283123
:10B7700007F1E40407F1FC0202AD07F5927393E8C8
:10B78000030085E8030005230193D7F81C310093DB
:10B79000D7F8183116492046F8F73EFB07F1E403C5
:10B7A00018460BF0E0FC07F59674183407F596730D
:10B7B0009C4204D0183C20460BF0D5FCF6E707F578
:10B7C000A27318460BF07CFB07F1FC0318460BF044
:10B7D000CAFC07F58A7318460BF072FB00BF07F529
:10B7E000A477BD46B0BD00BF908701083C7F01082B
:10B7F000A001002038880108387F010880B400AF1C
:10B80000084B1B78DBB2002B0CBF01230023DBB2FB
:10B81000002B02D0044B00221A7000BFBD465DF819
:10B82000047B70470000002001000020B0B5FAB092
:10B8300002AF07F1940318460BF040FB07F19402A6
:10B8400007F17C03C04918460BF0F4FF07F1B00381
:10B8500018460BF033FB07F1B00207F19803BB4920
:10B8600018460BF0E7FF07F1980307F17C0100226F
:10B8700000920F22B648FAF7EFFF0346022B14BFDF
:10B8800001230023DCB207F1980318460BF06BFC90
:10B8900007F1B00318460BF013FB07F17C031846C1
:10B8A0000BF061FC07F1940318460BF009FB002C28
:10B8B00000F04382FFF79CFB0346002B00F03D8223
:10B8C000FDF74AFFFFF79AFF07F1640318460BF0F4
:10B8D00019FC07F14C0318460BF014FC07F14C025D
:10B8E00007F1640311461846FCF75EFB07F1640399
:10B8F0000022984918460BF0C7FE0346B3F1FF3FFC
:10B900000CD107F1640318460BF09AFC034683F050
:10B910000103DBB2002B01D0012300E0002387F8F4
:10B92000DF3107F14C0300228A4918460BF0ACFEC8
:10B930000346B3F1FF3F0CD107F14C0318460BF05F
:10B940007FFC034683F00103DBB2002B01D001230F
:10B9500000E0002387F8DE3197F8DF3183F0010340
:10B96000DBB2002B08D097F8DE3183F00103DBB2A5
:10B97000002B01D0012400E0002407F1CC0318467D
:10B980000BF09CFA07F1CC0207F1B4037249184698
:10B990000BF050FF07F1B40319462046FFF744FBB4
:10B9A00007F1B40318460BF0DEFB07F1CC03184691
:10B9B0000BF086FAFFF71CFB0346002B00F0968184
:10B9C0006648F7F731FFB0EE407AF0EE607A07F59F
:10B9D000F073A3F5887300220021B0EE470AF0EE61
:10B9E000670A1846F5F7A0FD07F5F073A3F5D673BF
:10B9F00007F1D0025A49184600F0BAFF07F1D00308
:10BA000018460BF0B0FB07F1340318460BF0E8FBC7
:10BA1000C7F8D80197F8DE31002B63D007F58073A3
:10BA200018460BF04BFA07F5807207F1E8034D4911
:10BA300018460BF0FFFE07F1E80319464448FAF7F1
:10BA40008FFC07F1E80318460BF08DFB07F58073B8
:10BA500018460BF035FA07F14C0207F582731146D0
:10BA600018460BF0B3FE07F5F073A3F5E27307F584
:10BA7000827100221846FEF749F807F582731846CE
:10BA80000BF071FB07F11C0318460BF0D9FB0346C2
:10BA900083F00103DBB2002B1FD007F11C033249F6
:10BAA0001846FDF759FA0346022B0CBF0123002369
:10BAB000DBB2002B04D02C48FBF7FEFFFBF7DCFFCA
:10BAC000FFF796FA0346002B05D007F13403274908
:10BAD00018460BF099FDFCF789F907F11C0318468D
:10BAE0000BF041FB97F8DF31002B21D007F59A735B
:10BAF00018460BF0E3F907F59A7207F58E731C49A7
:10BB000018460BF097FE07F58E7319461048FAF7A2
:10BB100027FC07F58E7318460BF025FB07F59A7383
:10BB200018460BF0CDF907F164031846FFF7C0F88B
:10BB3000FFF75EFA0346002B1CD097F8DF31002B8D
:10BB400018D0012317E000BF44880108447E010893
:10BB5000DC020020588801085C88010810030020DE
:10BB60004882010864880108A00900207C88010837
:10BB7000848801080023002B00F0898007F59C735E
:10BB800018460BF09BF907F59C723B1D6D49184652
:10BB90000BF050FE07F59C7318460BF091F93A1D17
:10BBA00007F1640311461846FFF734F83B1D1846A9
:10BBB000FFF7D4F8C7F8D401D7F8D401F4F7A2FC02
:10BBC00004460D4607F5AA730022002145EC104BF0
:10BBD0001846F5F7A9FC07F59E7307F5AA725A49AE
:10BBE000184600F0C5FE07F59E7319465748FAF748
:10BBF000B7FB07F59E7318460BF0B5FA07F5AA7365
:10BC000018460BF0B0FAFFF7F3F90346002B3AD0D1
:10BC100041213E2000F00AF9FFF7EAF90346002B24
:10BC200031D03B1DD7F8D4111846FFF725FA3B1D3C
:10BC30001846FFF78BFCFFF7DBF90346002B05D016
:10BC400007F13403424918460BF0DEFC07F5C273D6
:10BC500018460BF033F907F5C27207F5B6733D4984
:10BC600018460BF0E7FD07F5B67319463748FAF7A3
:10BC700077FB07F5B67318460BF075FA07F5C27334
:10BC800018460BF01DF93B1D18460BF06CFA07F136
:10BC9000340318460BF0A4FA0246D7F8D831934281
:10BCA00034BF01230023DBB2002B19D007F134028B
:10BCB00007F5D073114618460BF088FD07F5C473DD
:10BCC00007F5D07100221846FDF720FF07F5C47371
:10BCD00018460BF048FA07F5D07318460BF043FAF4
:10BCE00007F1340318460BF03EFA1CE007F5E87341
:10BCF00018460BF0E3F807F5E87207F5DC73164910
:10BD000018460BF097FD07F5DC7319460F48FAF754
:10BD100027FB07F5DC7318460BF025FA07F5E873E7
:10BD200018460BF0CDF807F14C0318460BF01BFA40
:10BD300007F1640318460BF016FA00BF07F5F07719
:10BD4000BD46B0BD707E0108A0880108DC0200205D
:10BD5000B4880108BC880108C888010880B582B091
:10BD600000AF7860396078680BF03AFA02463B68B9
:10BD7000934234BF01230023DBB2002B06D0396885
:10BD800078680BF065FA03461B7800E0002318463C
:10BD90000837BD4680BD2DE9F04F89B000AF78600F
:10BDA00039604FF000024FF00003C7E9062300237B
:10BDB000FB602AE0FA683B68134419467868FFF78D
:10BDC000CDFF0346DBB200229A469346C7E904AB97
:10BDD000FB68D900D7E90423A1F12006C1F12000B6
:10BDE00003FA01F502FA06F6354322FA00F005439C
:10BDF00002FA01F4D7E9062312EB040843EB050924
:10BE0000C7E90689FB680133FB60FB68072B94BF19
:10BE100001230023DBB2002BCCD1D7E90623104647
:10BE200019462437BD46BDE8F08F000090B59DB09F
:10BE300000AF7860396007F1340318460BF03EF824
:10BE400007F1340207F11C03384918460BF0F2FCE5
:10BE500007F11C0319463648FAF782FA07F11C036A
:10BE600018460BF080F907F1340318460BF028F858
:10BE7000F7F744FC0023BB600023FB607B687B6119
:10BE80003B68BB6101233B6107F086FE07F10802B6
:10BE900007F10C031146184607F064FF07F09EFEF9
:10BEA000BB68B3F1FF3F14BF01230023DCB207F1ED
:10BEB000500318460BF002F807F1500207F138035F
:10BEC0001C4918460BF0B6FC07F13803194620460A
:10BED000FFF7AAF807F1380318460BF044F907F109
:10BEE000500318460AF0ECFF07F16C0318460AF0FD
:10BEF000E5FF07F16C0207F154030F4918460BF0F8
:10BF000099FC07F1540319460948FAF729FA07F191
:10BF1000540318460BF027F907F16C0318460AF092
:10BF2000CFFF00BF7437BD4690BD00BFE088010859
:10BF3000DC0200200089010810890108B0B5B2B008
:10BF400000AF78600B46FB70F7F7D8FB814B1B689E
:10BF5000BFF35B8F03F00103002B0CBF0123002311
:10BF6000DBB2002B10D07B480AF097FF0346002B72
:10BF700014BF01230023DBB2002B05D0764AFB78E7
:10BF8000137074480AF095FF734B1B78012B05D191
:10BF9000724B00221A60704B00221A706F4B1B68A4
:10BFA00003F1006303F5F83307F13C02194610462C
:10BFB000F5F74EFA07F1240307F13C0268491846E9
:10BFC00000F0D6FC07F10C0307F12401654A18467E
:10BFD00001F00EF807F10C0319466348FAF7C0F9AF
:10BFE00007F10C0318460BF0BEF807F124031846BE
:10BFF0000BF0B9F807F13C0318460BF0B4F807F062
:10C00000CBFD034687F8C73097F8C730002B62D1C5
:10C010000023C7F8C03044E0002387F8C730D7F8C2
:10C02000C0107868FFF7B7FEC7E92E014B4B1B68BD
:10C0300003F1006101F5F831D7E92E23002007F064
:10C040003FFD034687F8C73097F8C730002B05D16E
:10C05000424B1B680833414A13601DE007F16C0333
:10C0600018460AF02BFF07F16C0207F154033F4911
:10C0700018460BF0DFFB07F1540319463A48FAF76C
:10C080006FF907F1540318460BF06DF807F16C03D4
:10C0900018460AF015FF11E0D7F8C0300833C7F88A
:10C0A000C03078680BF09CF80246D7F8C030934255
:10C0B00034BF01230023DBB2002BADD197F8C7308A
:10C0C000002B0AD107F08AFD034687F8C73097F89E
:10C0D000C730002B02E000BF00E000BF1F4B1B6811
:10C0E000083B1846F4F70EFA04460D4607F1A00384
:10C0F0000022002145EC104B1846F5F715FA07F120
:10C10000880307F1A0021A49184600F031FC07F134
:10C11000700307F18801174A184600F069FF07F11C
:10C12000700319461048FAF71BF907F17003184617
:10C130000BF019F807F1880318460BF014F807F113
:10C14000A00318460BF00FF897F8C7301846C83709
:10C15000BD46B0BDD80E0020D40E0020D00E002069
:10C1600030890108A87E0108DC0200204889010806
:10C170005C8901087489010880B500AF0448F9F7AB
:10C180009FFB012201210348F7F796FB00BF80BD0A
:10C19000A0010020B00E002090B595B000AF06F0D1
:10C1A00010FC00F0D3F8F4F791FF06F0C9FAF4F7A9
:10C1B000A1FE06F069FA06F093FA06F097F8F5F793
:10C1C0007DF80422052157480AF064F80346002B45
:10C1D00014BF01230023DBB2002B01D000F018F9BB
:10C1E000FEF776FDFFF7C8FF4F48F9F769FBFBF74D
:10C1F000FDFD4E48F7F718FBB0EE407AF0EE607A9E
:10C200003B4600220021B0EE470AF0EE670A1846CE
:10C21000F5F78AF93B4619464348F8F761FE3B4675
:10C2200018460AF0A0FF4248F7F7FEFA51EC100B4F
:10C2300001231C464FF000023E4BF4F745FC034639
:10C24000002B01D100231C46E3B2002B21D001209A
:10C25000F7F780FB07F1300318460AF02FFE07F1CD
:10C26000300207F11803344918460BF0E3FA07F1DE
:10C27000180319463148FAF773F807F118031846FE
:10C280000AF071FF07F1300318460AF019FEFBF7B8
:10C29000ADFD2548F9F76AFCFDF7E0FFFAF786FEE9
:10C2A00007F14C0318460AF009FE07F14C0207F1AA
:10C2B0003403234918460BF0BDFA07F1340319463D
:10C2C0001E48FAF74DF807F1340318460AF04BFF01
:10C2D00007F14C0318460AF0F3FDF7F7D1FB0346CC
:10C2E0001846FAF733FF1148F7F79EFA51EC100B96
:10C2F00001231C464FF00002124BF4F7E5FB034606
:10C30000002B01D100231C46E3B2002B01D0F4F72F
:10C31000F3FFFCF703FCFFF789FA0B48FAF7C4FDBB
:10C32000F4F7EAFFDC0E0020A0010020100300203B
:10C33000D00300200000F03F008A0108DC0200204A
:10C34000108A01080000F0BF00F0010880B596B027
:10C3500000AF07F114034422002118460BF078FCCB
:10C360003B4600221A605A609A60DA601A614FF404
:10C37000007008F05FF80346002B14BF0123002370
:10C38000DBB2002B01D000F043F808F025F81F4B7A
:10C39000D3F890301D4A23F01803C2F890300623DA
:10C3A0007B610123FB614FF480733B6210237B624E
:10C3B0000023FB6307F11403184608F091F80346C5
:10C3C000002B14BF01230023DBB2002B01D000F0AF
:10C3D0001FF80F233B6001237B600023BB60002319
:10C3E000FB6000233B613B460021184608F08CFCB3
:10C3F0000346002B14BF01230023DBB2002B01D026
:10C4000000F006F800BF5837BD4680BD001002405E
:10C4100080B400AF72B600BFFEE780B487B000AF53
:10C420007860396001237B613B6803FB03F33B6168
:10C430003A683B6902FB03F3FB603A68FB6802FB66
:10C4400003F3BB603B687A689A4201D27B691DE0C6
:10C450007A683B699A4202D27B69013316E07A68B6
:10C46000FB689A4202D27B6902330FE07A68BB68AC
:10C470009A4202D27B69033308E07A68BB68B2FB58
:10C48000F3F37B607B6904337B61DBE718461C3781
:10C49000BD465DF8047B704780B489B000AFF8609A
:10C4A000B9607A60BB68013BFB6124E07A68234B8A
:10C4B000A3FB02135B09642101FB03F3D31A5B00A6
:10C4C0007B617B681D4AA2FB03235B097B607B6960
:10C4D0005A1CF968FB690B4419498A5C1A70FB699C
:10C4E000013BFA68134416497A690A4412781A70B3
:10C4F000FB69023BFB617B68632BD7D87B68092B08
:10C5000010D97B685B00BB61BB695A1CFB680133B7
:10C510000B498A5C1A700A4ABB6913441A78FB6893
:10C520001A7005E07B68DBB23033DAB2FB681A7050
:10C5300000BF2437BD465DF8047B70471F85EB5173
:10C54000CC8A01082DE9B04F8CB000AFC7E90601D5
:10C550007A610123FB627B6903FB03F3BB627A69A7
:10C56000BB6A02FB03F37B627A697B6A02FB03F31B
:10C570003B627B6900221C461546D7E90623A2428E
:10C58000AB4101D2FB6A39E0BB6A00229846914672
:10C59000D7E90623424573EB090302D2FB6A013354
:10C5A0002CE07B6A00229A469346D7E9062352453F
:10C5B00073EB0B0302D2FB6A02331FE03B6A0022DB
:10C5C000BB60FA60D7E90623B9688A42F9688B41F3
:10C5D00002D2FB6A033311E03B6A00223B607A60BF
:10C5E000D7E90023D7E90601F4F7E8FA02460B463B
:10C5F000C7E90623FB6A0433FB62BAE71846303703
:10C60000BD46BDE8B08F00002DE9B04F8CB000AF43
:10C6100078613961C7E902233B69013BFB6234E081
:10C62000D7E902014FF064024FF00003F4F7C6FAB5
:10C63000911839605B417B60D7E90023C7E9062385
:10C64000D7E902014FF064024FF00003F4F7B6FAA5
:10C6500002460B46C7E90223D7E9062312F1010A75
:10C6600043F1000B7A69FB6A1344204A5244127862
:10C670001A70FB6A013B7A6913441C49BA690A447F
:10C6800012781A70FB6A023BFB62D7E90223642A24
:10C6900073F10003C4D2D7E902230A2A73F100031D
:10C6A00019D3D7E9022312EB020843EB0309C7E9C8
:10C6B0000889D7E90823541C43F100057B6901333D
:10C6C0000A4A224412781A70084A3B6A13441A78BC
:10C6D0007B691A7004E03B7A3033DAB27B691A70F6
:10C6E00000BF3037BD46BDE8B08F00BF988B010852
:10C6F00080B588B000AFF8600B467A60FB7207F136
:10C700001803796818460AF087FF07F1140307F148
:10C7100018021146184600F0C4FD07F1140319462B
:10C72000F8680AF0F6FC07F1140318460AF0C8FB93
:10C7300007F1180318460AF0C3FB78680AF050FDA9
:10C74000F861FB6901331946F8680AF055FDFB7A78
:10C750001A460121F8680AF01BFE7968F8680AF0A9
:10C7600023FF00BFF8682037BD4680BD80B588B084
:10C7700000AFF860B9607A60B868F4F7E9FDF86175
:10C7800007F11803796818460AF046FF07F1140309
:10C7900007F118021146184600F083FD07F1140353
:10C7A0001946F8680AF0B5FC07F1140318460AF0B8
:10C7B00087FB07F1180318460AF082FB78680AF035
:10C7C0000FFD0246FB6913441946F8680AF014FD90
:10C7D000FA69B968F8680AF0F1FE7968F8680AF051
:10C7E000E3FE00BFF8682037BD4680BD90B583B03A
:10C7F00000AF78603960786800F07DFD03461C6802
:10C80000386800F078FD03461B689C4214BF012382
:10C810000023DBB218460C37BD4690BD80B483B010
:10C8200000AF78607B681B685A1C7B681A607B6865
:10C8300018460C37BD465DF8047B704780B483B062
:10C8400000AF78607B681B6818460C37BD465DF802
:10C85000047B704780B584B000AFF860B9607A603F
:10C86000B968F8680AF0B2FF7968F8680AF0B6FEAD
:10C8700000BFF8681037BD4680BD90B58BB000AFE3
:10C88000F860B9607A60002387F8273007F1140355
:10C890001846F4F7D2FD0346002B03D0012387F896
:10C8A000273024E007F11803B96818460AF0B4FEEF
:10C8B00007F11C03796818460AF0AEFE07F11C0266
:10C8C00007F118031146184600F0F9FC03461C4610
:10C8D00007F11C0318460AF0F3FA07F1180318468B
:10C8E0000AF0EEFA002C02D0012387F8273097F8DF
:10C8F0002730002B2BD0B8680AF072FC0446786809
:10C900000AF06EFC034623443B62B8680AF06CFCF4
:10C9100002463B6A934208D978680AF065FC0246F1
:10C920003B6A934201D8012300E00023002B0ED084
:10C93000BA68002178680AF0E9FD0346184600F05D
:10C94000E5FC03461946F8680AF0F3FB0CE0796849
:10C95000B8680AF029FE0346184600F0D7FC0346E3
:10C960001946F8680AF0E5FBF8682C37BD4690BD1B
:10C9700080B584B000AFF860B9607A60BA68002111
:10C9800078680AF0CDFD0346184600F0BFFC034668
:10C990001946F8680AF0CDFBF8681037BD4680BD2F
:10C9A00080B582B000AF786010217868F5F760FB41
:10C9B000034618460837BD4680BD80B584B000AF39
:10C9C000F860B9607A60FB687A68B968184600F068
:10C9D000A8FC00BFF8681037BD4680BD80B586B0A2
:10C9E00000AF786039603868F5F7B6F838617B6871
:10C9F0001B687B6127E07A693B6913441B78002B35
:10CA000012D107F108033A6979691846FFF7D5FF93
:10CA1000396807F108030CCB03C900F091FC034609
:10CA2000002B01D0012300E00023002B04D07B6900
:10CA300011E07B6901337B617B691B78002BF8D1A6
:10CA40007B6901337B617A693B691A447B685B6867
:10CA50009A42D0D3002318461837BD4680BD80B512
:10CA600082B000AF786039607968386800F0A9FC5E
:10CA70000346012B14BF01230023DBB218460837FD
:10CA8000BD4680BD80B582B000AF786039607B68FC
:10CA900039681846F5F728F900BF78680837BD46A9
:10CAA00080BD80B582B000AF78607868F5F721F876
:10CAB000034618460837BD4680BD80B582B000AF3A
:10CAC000786039603968786800F0B0FC0346184631
:10CAD0000837BD4680BD80B584B000AF786039604E
:10CAE0007B681B683968184600F0B4FC0346FB738A
:10CAF000FB7B022B02D0042B02D003E0042302E0D4
:10CB0000022300E0FB7B18461037BD4680BD80B590
:10CB100084B000AF786039607B681B68396818465C
:10CB200000F0AFFC0346FB73FB7B022B02D0042B0F
:10CB300002D003E0042302E0022300E0FB7B18465E
:10CB40001037BD4680BD80B485B000AFF86087ED7A
:10CB5000000BF968D7E90023C1E90023FB681846F8
:10CB60001437BD465DF8047B704780B584B000AFD4
:10CB7000786039607B681B683968184600F098FC5B
:10CB80000346FB73FB7B022B02D0042B02D003E095
:10CB9000042302E0022300E0FB7B18461037BD4669
:10CBA00080BD80B483B000AF786039607B683A683C
:10CBB0001A607B6818460C37BD465DF8047B7047E9
:10CBC00080B584B000AF786039607B681B683968D5
:10CBD000184600F084FC0346FB73FB7B022B02D05B
:10CBE000042B02D003E0042302E0022300E0FB7BDD
:10CBF00018461037BD4680BD80B584B000AF786060
:10CC000039607B681B683968184600F07FFC034672
:10CC1000FB73FB7B022B02D0042B02D003E0042326
:10CC200002E0022300E0FB7B18461037BD4680BDC2
:10CC300080B485B000AFF860C7E90023F968D7E990
:10CC40000023C1E90023FB6818461437BD465DF890
:10CC5000047B704780B584B000AF786039607B6832
:10CC60001B683968184600F068FC0346FB73FB7BC1
:10CC7000022B02D0042B02D003E0042302E00223A3
:10CC800000E0FB7B18461037BD4680BD80B485B000
:10CC900000AFF860C7E90023F968D7E90023C1E9CC
:10CCA0000023FB6818461437BD465DF8047B7047C7
:10CCB00080B584B000AF786039607B681B683968E4
:10CCC000184600F051FC0346FB73FB7B022B02D09D
:10CCD000042B02D003E0042302E0022300E0FB7BEC
:10CCE00018461037BD4680BD80B483B000AF786071
:10CCF0000B46FB707B68FA781A707B6818460C3715
:10CD0000BD465DF8047B704780B584B000AF7860A5
:10CD100039607B681B683968184600F03CFC0346A4
:10CD2000FB73FB7B022B02D0042B02D003E0042315
:10CD300002E0022300E0FB7B18461037BD4680BDB1
:10CD400080B584B000AF786039607B681B68396853
:10CD5000184600F037FC0346FB73FB7B022B02D026
:10CD6000042B02D003E0042302E0022300E0FB7B5B
:10CD700018461037BD4680BD80B584B000AFF8605E
:10CD8000C7E900230A21F868F5F78EFAF968D7E9B0
:10CD90000023C1E9002300BF1037BD4680BD80B528
:10CDA00084B000AFF860C7E900230821F868F5F700
:10CDB0007BFAF968D7E90023C1E9002300BF1037E7
:10CDC000BD4680BD80B500AF4FF00000054900F0C2
:10CDD00010FCB0EE407AF0EE607AB0EE470AF0EE6A
:10CDE000670A80BD0000F07F80B586B000AF87ED98
:10CDF000020B78607B68002B04DD00F00FFC03461B
:10CE00003B6103E000F01AFC03463B617B68002BAA
:10CE100002DC7B685B427B600023FB751BE07B6868
:10CE200003F00103002B10D0FA7D07F11003114627
:10CE3000184600F013FC53EC102BD7E90201F3F76E
:10CE4000DBFB02460B46C7E902237B685B107B6075
:10CE5000FB7D0133FB757B68002BE0D1D7E9022312
:10CE600043EC172BB0EE470AF0EE670A1837BD46C1
:10CE700080BDF0B583B000AF78607B6800221A6097
:10CE80007B6800225A607B685B685C1CB4F1007FA1
:10CE900002D2A301083301E04FF0FF3318460AF035
:10CEA0000BF803461D4640232B602B1D1C6005F12B
:10CEB0000803621E14461E4604E03046F6F778FC6E
:10CEC0004036013C002CF8DA05F108027B681A6054
:10CED0007B6818460C37BD46F0BD80B483B000AF08
:10CEE00078607B6818460C37BD465DF8047B704758
:10CEF00080B582B000AF78603960786800F011FCCE
:10CF00007B681A687B685B6803F18043013B9B0088
:10CF100013443A681A6000BF0837BD4680BD80B52B
:10CF200082B000AF78607B6800221A607B680022C4
:10CF30005A607B685B6801336FF06042934201D2B4
:10CF40009B0001E04FF0FF33184609F0B5FF0346A0
:10CF50001A467B681A607B6818460837BD4680BD54
:10CF600080B582B000AF78607B6800221A607B6871
:10CF700000225A607B685B680133184609F09CFF09
:10CF800003461A467B681A607B6818460837BD4618
:10CF900080BD80B582B000AF78600B46FB707868CA
:10CFA00000F0FFFB7B681A687B685B68013B1344F9
:10CFB000FA781A7000BF0837BD4680BD80B584B0CE
:10CFC00000AF78607B685B68002B01D100230BE029
:10CFD0007B681A687B685B68013B13441B78FB73B2
:10CFE000786800F014FCFB7B18461037BD4680BD06
:10CFF00080B584B000AFF860B9607A607968B868CD
:10D000000AF0ECFA0346184600F080F90346194688
:10D01000F8680AF08EF8F8681037BD4680BD80B415
:10D0200083B000AF78607B681B6818460C37BD463C
:10D030005DF8047B704780B483B000AF78607B6894
:10D040001B6818460C37BD465DF8047B704780B5F9
:10D0500084B000AFF860B9607A60B968F8680AF027
:10D06000B5FB7968F8680AF09FFA00BFF8681037D6
:10D07000BD4680BD80B582B000AF78603960396848
:10D0800078680AF06AFB0346002B0CBF01230023DB
:10D09000DBB218460837BD4680BDB0B582B000AFE0
:10D0A0007860396078680AF09BF8044638680AF0BE
:10D0B00097F803469C4215D178680AF0ABFA04460B
:10D0C00038680AF0A7FA054678680AF089F8034636
:10D0D0001A4629462046F4F725F90346002B01D1CC
:10D0E000012300E0002318460837BD46B0BD80B5D7
:10D0F00082B000AF7860396039687868FFF7BAFFAE
:10D10000034683F00103DBB218460837BD4680BDF5
:10D1100080B582B000AF786078687B6828334FF4C0
:10D1200096621946F5F783FA7B6818460837BD46BC
:10D1300080BD80B483B000AF78607B685B681846C0
:10D140000C37BD465DF8047B704780B483B000AFF8
:10D15000786039607B685B683A689A4205D27B6880
:10D160001A683B689B00134408E07B681A687B6878
:10D170005B6803F18043013B9B00134418460C3766
:10D18000BD465DF8047B704780B584B000AF786021
:10D1900039603B68FB60F868F5F76AFA034600BF40
:10D1A0007968184600F06DFB0346012B0CBF012384
:10D1B0000023DBB218461037BD4680BD80B582B073
:10D1C00000AF78603960386800F077FB0346194695
:10D1D000786800F07DFB034618460837BD4680BDE1
:10D1E00080B584B000AFF860B9607A607968B868DB
:10D1F0000AF0DAF90346184600F088F803461946A3
:10D20000F86809F096FFF8681037BD4680BD90B504
:10D2100085B000AF786039607B6803F1180407F1CE
:10D2200008033968184600F0AAFB07F1080393E8E1
:10D230000600204600F0B2FB0346002B14BF01237A
:10D240000023DBB218461437BD4690BD80B582B0CE
:10D2500000AF786078687B6828334FF480621946A5
:10D26000F5F7E5F97B6818460837BD4680BD90B5EF
:10D2700083B000AF786039607B6803F118043868C8
:10D28000FFF70FFC03461946204600F0A2FB0346B9
:10D29000002B14BF01230023DBB218460C37BD4618
:10D2A00090BD80B582B000AF786039607B68396826
:10D2B000184600F0A6FB78680837BD4680BD80B4EC
:10D2C00083B000AF78603960012318460C37BD4643
:10D2D0005DF8047B704780B483B000AF786039603C
:10D2E0003B681A687B681A607B6818460C37BD4635
:10D2F0005DF8047B704780B483B000AF78607B68D2
:10D3000018460C37BD465DF8047B704780B483B087
:10D3100000AF78607B6818460C37BD465DF8047B2B
:10D32000704780B584B000AFF860B9607A607A6801
:10D33000B968F868F4F7ECFBF8681037BD4680BDB3
:10D3400090B589B000AF07F1080484E803003946BE
:10D3500081E80C0007F108031846F4F7FDFBB861FB
:10D360003B461846F4F7F8FB7861BA697B699A4244
:10D3700001D0002321E00023FB6119E007F108033D
:10D38000F9691846F4F7F4FB03461C463B46F96975
:10D390001846F4F7EDFB03469C4214BF012300231B
:10D3A000DBB2002B01D0002307E0FB690133FB61F6
:10D3B000FA69BB699A42E1D3012318462437BD4676
:10D3C00090BD80B584B000AF7860396007F10C0380
:10D3D0003968184600F022FB3B1D1846F4F79BFF06
:10D3E000024600BF07F10C031946104600F02CFB63
:10D3F000034618461037BD4680BD80B584B000AFE7
:10D40000F860384680E80E00FB681B68002B01D1ED
:10D41000002307E0FB6818683B460ECB00F02CFBAE
:10D42000034600BF18461037BD4680BD80B584B0A6
:10D4300000AF7860396007F10C033968184600F0D6
:10D4400035FBF968786800F040FB03461846103752
:10D45000BD4680BD80B582B000AF786039607B6822
:10D46000002B05D03968786800F04CFB034604E0D7
:10D47000386800F029FC034600BF18460837BD464F
:10D4800080BD80B582B000AF786039607B68002BCA
:10D4900005D03968786800F023FC034604E038685A
:10D4A00000F012FC034600BF18460837BD4680BD99
:10D4B00080B582B000AF786039607B68002B05D002
:10D4C0003968786800F0EEFC034604E0386800F044
:10D4D000FBFB034600BF18460837BD4680BD80B53C
:10D4E00082B000AF786039607B68002B05D0396866
:10D4F000786800F0B9FD034604E0386800F096FE55
:10D50000034600BF18460837BD4680BD80B582B0CF
:10D5100000AF786039607B68002B05D03968786887
:10D5200000F09EFE034604E0386800F0CDFB0346A1
:10D5300000BF18460837BD4680BD80B582B000AF39
:10D54000786039607B68002B05D03968786800F016
:10D5500069FF034604E0386800F0B6FB034600BFED
:10D5600018460837BD4680BD80B582B000AF7860F0
:10D5700039607B68002B05D03968786801F034F891
:10D58000034604E0386800F09FFB034600BF1846DE
:10D590000837BD4680BD80B582B000AF7860396085
:10D5A0007B68002B05D03968786801F0FFF80346E6
:10D5B00004E0386800F088FB034600BF18460837CF
:10D5C000BD4680BD80B582B000AF786039607B68B1
:10D5D000002B05D03968786801F0CAF9034604E0E9
:10D5E0003868F5F7C3F9034600BF18460837BD464B
:10D5F00080BD80B582B000AFC7E90001D7E9000166
:10D6000001F098FAB0EE407AF0EE607AB0EE470A98
:10D61000F0EE670A0837BD4680BD000080B582B0D5
:10D6200000AF3B1D0449184601F09AFA7B68184682
:10D630000837BD4680BD00BF688C010880B582B048
:10D6400000AF3B1D0449184601F08AFA7B68184672
:10D650000837BD4680BD00BFB08C010880B582B0E0
:10D6600000AF786039607B681A683B68DB00134460
:10D67000184601F084FAB0EE407AF0EE607AB0EE2F
:10D68000470AF0EE670A0837BD4680BD80B584B012
:10D6900000AFF860B9607A60FB687A68B9681846CC
:10D6A00001F07FFA00BFF8681037BD4680BD80B535
:10D6B00088B000AFF8603B1D83E806003B1D1846AC
:10D6C000F4F739FA0346002B01D0002325E03B1D77
:10D6D0001946F868FFF782F9F861FB69002B01D061
:10D6E000FB691AE03B1D1846F4F736FAB861BB69CE
:10D6F00001331946F868F4F796FC78617B69002BD2
:10D700000AD0BB697A69391D03C901F059FA7A69EF
:10D71000BB69134400221A707B6918462037BD4646
:10D7200080BD80B584B000AF78607B685B685A1CB0
:10D730007B685A607B685B6801336FF0604293429C
:10D7400001D29B0001E04FF0FF33184609F0B4FB13
:10D750000346BB600023FB600DE07B681A68FB6832
:10D760009B001A44FB689B00B9680B4412681A605E
:10D77000FB680133FB607B685B68013BFA689A4297
:10D78000EBD37B681B68002B04D07B681B681846B2
:10D7900009F081FB7B68BA681A6000BF1037BD468C
:10D7A00080BD80B584B000AF78607B685B685A1C30
:10D7B0007B685A607B685B680133184609F07CFB24
:10D7C0000346BB600023FB600BE07B681A68FB68C4
:10D7D0001A44B968FB680B4412781A70FB6801336D
:10D7E000FB607B685B68013BFA689A42EDD37B681B
:10D7F0001B68002B04D07B681B68184609F04BFBA4
:10D800007B68BA681A6000BF1037BD4680BD80B51E
:10D8100084B000AF78607B685B68012B2DD97B6892
:10D820005B685A1E7B685A607B685B68013B1846E0
:10D8300009F042FB0346BB600023FB600BE07B6802
:10D840001A68FB681A44B968FB680B4412781A70AE
:10D85000FB680133FB607B685B68FA689A42EED331
:10D860007B681B68002B04D07B681B68184609F096
:10D8700012FB7B68BA681A6000E000BF1037BD4633
:10D8800080BD80B584B000AF7860396007F10C03CB
:10D890003968184601F0D1F93B1D1846F4F73BFDF5
:10D8A000024600BF07F10C031946104601F0DCF9EF
:10D8B000034618461037BD4680BD80B483B000AF24
:10D8C00078607B6818460C37BD465DF8047B70476E
:10D8D000F0B5ADB004AF786039603868FFF7EDFFA0
:10D8E000024607F110031146184601F0D5F97B688E
:10D8F000C7F89030D7F89000F4F7D7FE034600BF82
:10D90000C7F89C307B68C7F89430D7F89400F4F7D8
:10D91000C1FE034600BFC7F8983007F11803184648
:10D92000F5F765FD387EF5F7A4FD0346BB81786801
:10D93000F4F76CFE07F18003D7F898203968184691
:10D9400001F0BBF907F11C056C4607F180030FCB12
:10D9500084E80F0007F110030CCBD7F89810284685
:10D9600001F0B9F907F11C007B7B3246D7F89C1017
:10D9700001F0C9F903461846A437BD46F0BD80B58D
:10D9800082B000AF786039607B683968184601F072
:10D99000F6F900BF78680837BD4680BD80B586B00F
:10D9A00000AFF8603B1D83E80600F868F4F7A0FBC1
:10D9B00078617B69002B07D078693B1D93E80600EE
:10D9C00001F0F3F9034600E0002318461837BD467E
:10D9D00080BD80B584B000AF786039607868F4F7B6
:10D9E00087FBF860FB68002B06D0FB683968184697
:10D9F00001F007FA034600E0002318461037BD4641
:10DA000080BD80B582B000AF7860396039687868D1
:10DA100009F055FA78680837BD4680BD90B585B0E5
:10DA200000AF786039607C683B68FB60F868F4F7A9
:10DA300072FC034600BF19462046F5F775F97B686E
:10DA400018461437BD4690BD80B582B000AF7860EF
:10DA500039607B68002B05D03968786801F0E8F9F7
:10DA6000034605E03B681846F5F728FA034600BF71
:10DA700018460837BD4680BD80B586B000AFF86057
:10DA8000384680E80E003B460ECBF86801F0BAFA43
:10DA900078617B69002B04D07869F4F73EF903467E
:10DAA00000E0002318461837BD4680BD80B483B01F
:10DAB00000AF786039607B683A681A607B68184606
:10DAC0000C37BD465DF8047B704780B584B000AF6D
:10DAD0007860396007F108033968184601F0C3FA25
:10DAE0003B1D1846F4F717FC024600BF07F1080378
:10DAF0001946104601F0C6FA034618461037BD46CF
:10DB000080BD000080B582B000AF78603960786871
:10DB1000F4F7BBFB0346023B3E2B00F2CC8001A294
:10DB200052F823F069DC000869DC000855DC0008C5
:10DB300055DC00089DDC0008B7DC00088DDC00081F
:10DB4000B7DC00087DDC0008B7DC000821DC000839
:10DB5000B7DC0008B7DC0008B7DC0008B7DC000859
:10DB6000B7DC0008B7DC0008B7DC0008B7DC000849
:10DB7000B7DC0008B7DC0008B7DC0008B7DC000839
:10DB8000B7DC0008B7DC0008B7DC0008B7DC000829
:10DB9000B7DC0008B7DC0008B7DC000847DC000889
:10DBA000B7DC0008B7DC0008B7DC0008B7DC000809
:10DBB000B7DC0008B7DC0008B7DC0008B7DC0008F9
:10DBC000B7DC0008B7DC0008B7DC0008B7DC0008E9
:10DBD000B7DC0008B7DC0008B7DC0008B7DC0008D9
:10DBE000B7DC0008B7DC0008B7DC0008B7DC0008C9
:10DBF000B7DC0008B7DC0008B7DC0008B7DC0008B9
:10DC0000B7DC0008B7DC0008B7DC0008B7DC0008A8
:10DC1000B7DC0008B7DC0008B7DC000839DC000816
:10DC20007B6893ED007BB0EE470AF0EE670A386838
:10DC300001F03FFA034643E07B6819463868F4F781
:10DC4000AFFE03463CE07B681946386801F03EFAB7
:10DC5000034635E07B6819687B685B681A4638685C
:10DC600001F040FA03462BE07B6819687B685B682B
:10DC70001A46386801F043FA034621E07B68D3E98D
:10DC80000023386801F048FA034619E07B68D3E9BD
:10DC90000023386801F04DFA034611E07B681B78D9
:10DCA000002B14BF01230023DBB21946386801F0B2
:10DCB0004DFA034604E0386800F006F8034600BF5A
:10DCC00018460837BD4680BD80B483B000AF786089
:10DCD000002318460C37BD465DF8047B70470000F2
:10DCE00080B582B000AF786039607868F4F7CDFA1B
:10DCF0000346023B3E2B00F2CC8001A252F823F0F7
:10DD000045DE000845DE000831DE000831DE00088F
:10DD100079DE000893DE000869DE000893DE000863
:10DD200059DE000893DE0008FDDD000893DE0008E0
:10DD300093DE000893DE000893DE000893DE0008FF
:10DD400093DE000893DE000893DE000893DE0008EF
:10DD500093DE000893DE000893DE000893DE0008DF
:10DD600093DE000893DE000893DE000893DE0008CF
:10DD700093DE000893DE000823DE000893DE00082F
:10DD800093DE000893DE000893DE000893DE0008AF
:10DD900093DE000893DE000893DE000893DE00089F
:10DDA00093DE000893DE000893DE000893DE00088F
:10DDB00093DE000893DE000893DE000893DE00087F
:10DDC00093DE000893DE000893DE000893DE00086F
:10DDD00093DE000893DE000893DE000893DE00085F
:10DDE00093DE000893DE000893DE000893DE00084F
:10DDF00093DE000893DE000815DE00087B6893EDD3
:10DE0000007BB0EE470AF0EE670A386801F051F97E
:10DE1000034643E07B681946386801F0A4F90346DD
:10DE20003CE07B6819463868F4F781FE034635E02C
:10DE30007B6819687B685B681A46386801F052F99C
:10DE400003462BE07B6819687B685B681A46386874
:10DE500001F055F9034621E07B68D3E900233868D7
:10DE600001F05AF9034619E07B68D3E900233868CA
:10DE700001F05FF9034611E07B681B78002B14BFAB
:10DE800001230023DBB21946386801F05FF903462D
:10DE900004E03868FFF718FF034600BF184608374C
:10DEA000BD4680BD80B582B000AF786039607868CB
:10DEB000F4F7EBF90346023B3E2B00F2CC8001A2C3
:10DEC00052F823F009E0000809E00008F5DF000837
:10DED000F5DF00083DE0000857E000082DE00008ED
:10DEE00057E000081DE0000857E00008C1DF000807
:10DEF00057E0000857E0000857E0000857E0000826
:10DF000057E0000857E0000857E0000857E0000815
:10DF100057E0000857E0000857E0000857E0000805
:10DF200057E0000857E0000857E0000857E00008F5
:10DF300057E0000857E0000857E00008E7DF000856
:10DF400057E0000857E0000857E0000857E00008D5
:10DF500057E0000857E0000857E0000857E00008C5
:10DF600057E0000857E0000857E0000857E00008B5
:10DF700057E0000857E0000857E0000857E00008A5
:10DF800057E0000857E0000857E0000857E0000895
:10DF900057E0000857E0000857E0000857E0000885
:10DFA00057E0000857E0000857E0000857E0000875
:10DFB00057E0000857E0000857E00008D9DF0008E4
:10DFC0007B6893ED007BB0EE470AF0EE670A386895
:10DFD00001F0D5F8034643E07B681946386801F044
:10DFE000C2F803463CE07B681946386801F06EF8D9
:10DFF000034635E07B6819687B685B681A463868B9
:10E0000001F070F803462BE07B6819687B685B6859
:10E010001A46386801F073F8034621E07B68D3E9BB
:10E020000023386801F0BCF8034619E07B68D3E9A7
:10E030000023386801F0C5F8034611E07B681B78BF
:10E04000002B14BF01230023DBB21946386801F00E
:10E05000C9F8034604E03868FFF736FE034600BF00
:10E0600018460837BD4680BD80B582B000AF7860E5
:10E0700039607868F4F709F90346023B3E2B00F259
:10E08000CC8001A252F823F0CDE10008CDE10008D8
:10E09000B9E10008B9E1000801E200081BE200084C
:10E0A000F1E100081BE20008E1E100081BE20008C2
:10E0B00085E100081BE200081BE200081BE20008E3
:10E0C0001BE200081BE200081BE200081BE200083C
:10E0D0001BE200081BE200081BE200081BE200082C
:10E0E0001BE200081BE200081BE200081BE200081C
:10E0F0001BE200081BE200081BE200081BE200080C
:10E10000ABE100081BE200081BE200081BE200086C
:10E110001BE200081BE200081BE200081BE20008EB
:10E120001BE200081BE200081BE200081BE20008DB
:10E130001BE200081BE200081BE200081BE20008CB
:10E140001BE200081BE200081BE200081BE20008BB
:10E150001BE200081BE200081BE200081BE20008AB
:10E160001BE200081BE200081BE200081BE200089B
:10E170001BE200081BE200081BE200081BE200088B
:10E180009DE100087B6893ED007BB0EE470AF0EE5E
:10E19000670A386800F08DFF034643E07B68194644
:10E1A000386800F0E0FF03463CE07B6819463868B9
:10E1B00000F08CFF034635E07B6819687B685B687C
:10E1C0001A46386801F01FF803462BE07B6819688F
:10E1D0007B685B681A46386800F091FF034621E0CF
:10E1E0007B68D3E90023386800F096FF034619E006
:10E1F0007B68D3E90023386800F09BFF034611E0F9
:10E200007B681B78002B14BF01230023DBB2194667
:10E21000386800F09BFF034604E0386800F006F819
:10E22000034600BF18460837BD4680BD80B584B0A0
:10E2300000AF78607B681B681846FEF732FC034627
:10E24000FB6007F10C031846F3F70FFC0346002BA5
:10E2500001D0012300E0002318461037BD4680BDE1
:10E2600080B582B000AF786039607868F4F70DF857
:10E270000346023B3E2B00F2CC8001A252F823F071
:10E28000C5E30008C5E30008B1E30008B1E30008F6
:10E29000F9E3000813E40008E9E3000813E40008C8
:10E2A000D9E3000813E400087DE3000813E4000844
:10E2B00013E4000813E4000813E4000813E4000862
:10E2C00013E4000813E4000813E4000813E4000852
:10E2D00013E4000813E4000813E4000813E4000842
:10E2E00013E4000813E4000813E4000813E4000832
:10E2F00013E4000813E40008A3E3000813E4000893
:10E3000013E4000813E4000813E4000813E4000811
:10E3100013E4000813E4000813E4000813E4000801
:10E3200013E4000813E4000813E4000813E40008F1
:10E3300013E4000813E4000813E4000813E40008E1
:10E3400013E4000813E4000813E4000813E40008D1
:10E3500013E4000813E4000813E4000813E40008C1
:10E3600013E4000813E4000813E4000813E40008B1
:10E3700013E4000813E4000895E300087B6893EDBC
:10E38000007BB0EE470AF0EE670A386800F091FEB5
:10E39000034643E07B681946386800F0E4FE034614
:10E3A0003CE07B681946386800F090FE034635E093
:10E3B0007B6819687B685B681A46386800F092FED3
:10E3C00003462BE07B6819687B685B681A463868EF
:10E3D000F4F783FC034621E07B68D3E90023386827
:10E3E00000F09AFE034619E07B68D3E90023386801
:10E3F00000F09FFE034611E07B681B78002B14BFE2
:10E4000001230023DBB21946386800F09FFE034663
:10E4100004E03868FFF758FC034600BF1846083789
:10E42000BD4680BD80B582B000AF78603960786845
:10E43000F3F72BFF0346023B3E2B00F2CC8001A2F8
:10E4400052F823F089E5000889E5000875E5000821
:10E4500075E50008BDE50008D7E50008ADE5000852
:10E46000D7E500089DE50008D7E5000841E500086C
:10E47000D7E50008D7E50008D7E50008D7E500088C
:10E48000D7E50008D7E50008D7E50008D7E500087C
:10E49000D7E50008D7E50008D7E50008D7E500086C
:10E4A000D7E50008D7E50008D7E50008D7E500085C
:10E4B000D7E50008D7E50008D7E5000867E50008BC
:10E4C000D7E50008D7E50008D7E50008D7E500083C
:10E4D000D7E50008D7E50008D7E50008D7E500082C
:10E4E000D7E50008D7E50008D7E50008D7E500081C
:10E4F000D7E50008D7E50008D7E50008D7E500080C
:10E50000D7E50008D7E50008D7E50008D7E50008FB
:10E51000D7E50008D7E50008D7E50008D7E50008EB
:10E52000D7E50008D7E50008D7E50008D7E50008DB
:10E53000D7E50008D7E50008D7E5000859E5000849
:10E540007B6893ED007BB0EE470AF0EE670A38680F
:10E5500000F083FE034643E07B681946386800F00C
:10E5600002FE03463CE07B681946386800F0AEFDC9
:10E57000034635E07B6819687B685B681A46386833
:10E5800000F0B0FD03462BE07B6819687B685B6890
:10E590001A46386800F0B3FD034621E07B68D3E9F2
:10E5A0000023386800F06AFE034619E07B68D3E96F
:10E5B0000023386800F073FE034611E07B681B7887
:10E5C000002B14BF01230023DBB21946386800F08A
:10E5D00077FE034604E03868FFF776FB034600BF8A
:10E5E00018460837BD4680BD80B582B000AF786060
:10E5F00039607868F3F749FE0346023B3E2B00F290
:10E60000CC8001A252F823F04DE700084DE7000846
:10E6100039E7000839E7000881E700089BE70008B0
:10E6200071E700089BE7000861E700089BE7000826
:10E6300005E700089BE700089BE700089BE7000848
:10E640009BE700089BE700089BE700089BE70008A2
:10E650009BE700089BE700089BE700089BE7000892
:10E660009BE700089BE700089BE700089BE7000882
:10E670009BE700089BE700089BE700089BE7000872
:10E680002BE700089BE700089BE700089BE70008D2
:10E690009BE700089BE700089BE700089BE7000852
:10E6A0009BE700089BE700089BE700089BE7000842
:10E6B0009BE700089BE700089BE700089BE7000832
:10E6C0009BE700089BE700089BE700089BE7000822
:10E6D0009BE700089BE700089BE700089BE7000812
:10E6E0009BE700089BE700089BE700089BE7000802
:10E6F0009BE700089BE700089BE700089BE70008F2
:10E700001DE700087B6893ED007BB0EE470AF0EE52
:10E71000670A386800F0E5FD034643E07B68194668
:10E72000386800F020FD03463CE07B6819463868F5
:10E7300000F0CCFC034635E07B6819687B685B68B9
:10E740001A46386800F0CEFC03462BE07B68196857
:10E750007B685B681A46386800F0D1FC034621E00C
:10E760007B68D3E90023386800F0CCFD034619E04C
:10E770007B68D3E90023386800F0D5FD034611E03B
:10E780007B681B78002B14BF01230023DBB21946E2
:10E79000386800F0D9FD034604E03868FFF794FAC2
:10E7A000034600BF18460837BD4680BD80B582B01D
:10E7B00000AF786039607868F3F767FD0346023B85
:10E7C0003E2B00F2CC8001A252F823F011E90008A0
:10E7D00011E90008FDE80008FDE8000845E9000827
:10E7E0005FE9000835E900085FE9000825E900084D
:10E7F0005FE90008C9E800085FE900085FE9000870
:10E800005FE900085FE900085FE900085FE90008C8
:10E810005FE900085FE900085FE900085FE90008B8
:10E820005FE900085FE900085FE900085FE90008A8
:10E830005FE900085FE900085FE900085FE9000898
:10E840005FE90008EFE800085FE900085FE90008F9
:10E850005FE900085FE900085FE900085FE9000878
:10E860005FE900085FE900085FE900085FE9000868
:10E870005FE900085FE900085FE900085FE9000858
:10E880005FE900085FE900085FE900085FE9000848
:10E890005FE900085FE900085FE900085FE9000838
:10E8A0005FE900085FE900085FE900085FE9000828
:10E8B0005FE900085FE900085FE900085FE9000818
:10E8C0005FE90008E1E800087B6893ED007BB0EEAB
:10E8D000470AF0EE670A386800F047FD034643E058
:10E8E0007B681946386800F03EFC03463CE07B68D4
:10E8F0001946386800F0EAFB034635E07B68196882
:10E900007B685B681A46386800F0ECFB03462BE036
:10E910007B6819687B685B681A46386800F0EFFB13
:10E92000034621E07B68D3E90023386800F02EFD20
:10E93000034619E07B68D3E90023386800F037FD0F
:10E94000034611E07B681B78002B14BF01230023D2
:10E95000DBB21946386800F03BFD034604E0386836
:10E96000FFF7B2F9034600BF18460837BD4680BD21
:10E9700080B582B000AF786039607868F3F785FCC5
:10E980000346023B3E2B00F2CC8001A252F823F05A
:10E99000D5EA0008D5EA0008C1EA0008C1EA000883
:10E9A00009EB000823EB0008F9EA000823EB000854
:10E9B000E9EA000823EB00088DEA000823EB0008D1
:10E9C00023EB000823EB000823EB000823EB0008EF
:10E9D00023EB000823EB000823EB000823EB0008DF
:10E9E00023EB000823EB000823EB000823EB0008CF
:10E9F00023EB000823EB000823EB000823EB0008BF
:10EA000023EB000823EB0008B3EA000823EB00081F
:10EA100023EB000823EB000823EB000823EB00089E
:10EA200023EB000823EB000823EB000823EB00088E
:10EA300023EB000823EB000823EB000823EB00087E
:10EA400023EB000823EB000823EB000823EB00086E
:10EA500023EB000823EB000823EB000823EB00085E
:10EA600023EB000823EB000823EB000823EB00084E
:10EA700023EB000823EB000823EB000823EB00083E
:10EA800023EB000823EB0008A5EA00087B6893ED60
:10EA9000007BB0EE470AF0EE670A386800F009FB29
:10EAA000034643E07B681946386800F05CFB034688
:10EAB0003CE07B681946386800F008FB034635E007
:10EAC0007B6819687B685B681A46386800F00AFB47
:10EAD00003462BE07B6819687B685B681A463868D8
:10EAE00000F00DFB034621E07B68D3E90023386882
:10EAF00000F012FB034619E07B68D3E90023386875
:10EB000000F017FB034611E07B681B78002B14BF55
:10EB100001230023DBB21946386800F017FB0346D7
:10EB200004E03868F3F722FF034600BF18460837B1
:10EB3000BD4680BD80B485B000AFC7E90001D7E90C
:10EB40000023C7E90223D7E9022343EC172BB0EED9
:10EB5000470AF0EE670A1437BD465DF8047B70473C
:10EB600080B483B000AF786039607B683A681A601F
:10EB70007B6818460C37BD465DF8047B704780B44F
:10EB800083B000AF78607B68D3E9002343EC172B98
:10EB9000B0EE470AF0EE670A0C37BD465DF8047B1D
:10EBA000704780B584B000AFF860B9607A607A6869
:10EBB000B968F868F2F7ACFFF8681037BD4680BD59
:10EBC00090B587B000AF07F1080484E803007A60CD
:10EBD0003B6000237B610DE07A687B69D41807F104
:10EBE000080379691846F2F7C3FF034623707B696F
:10EBF00001337B617A693B689A42EDD300BF00BF65
:10EC00001C37BD4690BD80B586B000AF87ED020BC6
:10EC10003B4683E803003B463B613B691B6800BF02
:10EC20007B617B69002B04D097ED020B7869F3F7C9
:10EC3000C2FA00BF1837BD4680BD90B585B000AFA1
:10EC4000786039607C683B68FB60FB681846F3F7C6
:10EC500038FD034600BF19462046F4F765F87B6887
:10EC600018461437BD4690BD80B582B000AF7860BD
:10EC700039607B68002B05D03968786800F0C4FBE8
:10EC8000034605E03B681846F4F718F9034600BF51
:10EC900018460837BD4680BD80B582B000AF7860A9
:10ECA00039603868FEF709FE03461946786800F0B7
:10ECB00095FC78680837BD4680BD80B584B000AF4C
:10ECC000F860B9607A607968F868F4F7E5FBF8688D
:10ECD0001037BD4680BD90B589B004AFF860B9600B
:10ECE000394681E80C006C4607F120030FCB84E81D
:10ECF0000F003B460CCBB968F86800F087FCF86859
:10ED00001437BD4690BD90B589B000AFF860B960CA
:10ED10003A713B703B782246B968F86800F098FC7D
:10ED20000346FB75FB7D002B12D1FB68143318469C
:10ED300000F07CFD0346002B0AD0B868F3F71BFAFD
:10ED4000034683F00103DBB2002B01D0012300E076
:10ED50000023002B07D007F1180303211846F4F70E
:10ED60000AFB3B7E07E0FA7D07F11C0311461846BB
:10ED7000F4F701FB3B7F18462437BD4690BD90B5A4
:10ED800083B000AF78603960386800F05BFD0446FE
:10ED9000386800F063FD03461A4621467868F2F7AA
:10EDA000B7FE78680C37BD4690BD80B586B000AF21
:10EDB000F8603B1D83E806003B1D93E80600F868F9
:10EDC00000F058FD78617B69002B04D07869F2F778
:10EDD000A4FF034600E0002318461837BD4680BD57
:10EDE00080B582B000AF78603960786808F08AF941
:10EDF00079683868F3F78CFD00BF78680837BD463E
:10EE000080BD80B584B000AF7860396039687868BB
:10EE100000F063FDF860FB68002B04D0F868F2F79F
:10EE20007CFF034600E0002318461037BD4680BD36
:10EE300080B582B000AF786039607868F3F725FA62
:10EE40000346023B3E2B00F2D28001A252F823F08F
:10EE50009BEF00089BEF000887EF000887EF000892
:10EE6000D3EF0008EFEF0008C1EF0008EFEF000854
:10EE7000AFEF0008EFEF00084DEF0008EFEF0008DC
:10EE8000EFEF0008EFEF0008EFEF0008EFEF0008EA
:10EE9000EFEF0008EFEF0008EFEF0008EFEF0008DA
:10EEA000EFEF0008EFEF0008EFEF0008EFEF0008CA
:10EEB000EFEF0008EFEF0008EFEF0008EFEF0008BA
:10EEC000EFEF0008EFEF000877EF0008EFEF000822
:10EED000EFEF0008EFEF0008EFEF0008EFEF00089A
:10EEE000EFEF0008EFEF0008EFEF0008EFEF00088A
:10EEF000EFEF0008EFEF0008EFEF0008EFEF00087A
:10EF0000EFEF0008EFEF0008EFEF0008EFEF000869
:10EF1000EFEF0008EFEF0008EFEF0008EFEF000859
:10EF2000EFEF0008EFEF0008EFEF0008EFEF000849
:10EF3000EFEF0008EFEF0008EFEF0008EFEF000839
:10EF4000EFEF0008EFEF000867EF00083A687B6812
:10EF500093ED007BB0EE470AF0EE670A1046F3F738
:10EF60001EFF034649E03B687A6811461846F3F7EE
:10EF7000EAFE034641E03B687A6811461846F3F71B
:10EF8000F8FE034639E038687B6819687B685B687F
:10EF90001A46F3F71CFF03462FE038687B681968B0
:10EFA0007B685B681A46F3F729FF034625E039685A
:10EFB0007B68D3E900230846F3F738FF03461CE0DB
:10EFC00039687B68D3E900230846F3F747FF034617
:10EFD00013E03A687B681B78002B14BF01230023E1
:10EFE000DBB219461046F3F751FF034605E03B68D4
:10EFF0001846F3F763FF034600BF18460837BD46BF
:10F0000080BD00BF80B586B000AFF860384680E8AC
:10F010000E003B461846F2F78EFD0346002B01D04A
:10F0200000231CE0FB681B687B6112E07869F2F743
:10F03000FEFE03461846FDF734FD03463A4607CA6E
:10F0400000F07AFC0346002B07D17869F2F77BFECB
:10F0500078617B69002BE9D100E000BF7B6918462D
:10F060001837BD4680BD80B582B000AF786039608A
:10F070007B683968184600F09BFC7B6818460837A7
:10F08000BD4680BD80B582B000AF786039607B68D6
:10F09000002B05D03968786800F09AFC034604E03C
:10F0A000386800F09FFD034600BF18460837BD468C
:10F0B00080BD80B485B000AFF86087ED000B002301
:10F0C00018461437BD465DF8047B704780B483B0A2
:10F0D00000AF78603960002318460C37BD465DF8F4
:10F0E000047B704780B485B000AFF860B9607A6087
:10F0F000002318461437BD465DF8047B704780B482
:10F1000085B000AFF860B9607A6000231846143704
:10F11000BD465DF8047B704780B485B000AFF860F1
:10F12000C7E90023002318461437BD465DF8047B69
:10F13000704780B485B000AFF860C7E900230023B2
:10F1400018461437BD465DF8047B704780B483B021
:10F1500000AF78600B46FB70002318460C37BD46A5
:10F160005DF8047B704780B483B000AF786039608D
:10F17000002318460C37BD465DF8047B704780B508
:10F1800084B000AFF86087ED000BFA683B4611468B
:10F19000184600F03BFD034618461037BD4680BDBB
:10F1A00080B584B000AFF860C7E90023F9683B463A
:10F1B0000022184600F04EFD034618461037BD46A3
:10F1C00080BD80B584B000AFF860C7E90023F9685E
:10F1D0003B460022184600F060FD034618461037F3
:10F1E000BD4680BD80B582B000AF7860F970F97817
:10F1F00000200A4603467868FFF7E3FF03461846F7
:10F200000837BD4680BD90B589B000AFF860B960E1
:10F210007A60FB681B681846FDF743FC044607F15B
:10F2200014037A68B9681846FEF730FA07F1140338
:10F2300093E80600204600F053FDF861FB69002BBF
:10F2400001DA022305E0FB69002B01DD042300E065
:10F25000012318462437BD4690BD80B584B000AF69
:10F26000F86087ED000BF9683B460022184600F075
:10F270004AFD034618461037BD4680BD80B584B0B0
:10F2800000AFF860C7E90023FA683B46114618460C
:10F2900000F05CFD034618461037BD4680BD80B5C2
:10F2A00084B000AFF860C7E90023F9683B4600224C
:10F2B000184600F06FFD034618461037BD4680BD66
:10F2C00080B582B000AF7860F970F97800200A4606
:10F2D00003467868FFF7E3FF034618460837BD4644
:10F2E00080BD80B584B000AFF86087ED000BF96891
:10F2F0003B460022184600F06BFD034618461037C7
:10F30000BD4680BD80B584B000AFF860C7E900237A
:10F31000F9683B460022184600F07DFD034618467A
:10F320001037BD4680BD80B584B000AFF860C7E936
:10F330000023FA683B461146184600F08AFD034652
:10F3400018461037BD4680BD80B582B000AF7860EA
:10F35000F970F97800200A4603467868FFF7E3FF62
:10F36000034618460837BD4680BD80B584B000AF5F
:10F37000F86087ED000BF9683B460022184600F064
:10F380008CFD034618461037BD4680BD80B584B05D
:10F3900000AFF860C7E90023F9683B460022184631
:10F3A00000F09CFD034618461037BD4680BD80B571
:10F3B00084B000AFF860C7E90023F9683B4600223B
:10F3C000184600F0A4FD034618461037BD4680BD20
:10F3D00080B582B000AF7860F970F97800200A46F5
:10F3E00003467868FFF7E3FF034618460837BD4633
:10F3F00080BD80B483B000AF78607B6818460C375E
:10F40000BD465DF8047B704780B582B000AF786080
:10F4100039607868F2F739FF0346023B3E2B00F271
:10F42000D28001A252F823F073F5000873F50008AA
:10F430005FF500085FF50008ABF50008C7F50008A8
:10F4400099F50008C7F5000887F50008C7F500081A
:10F4500025F50008C7F50008C7F50008C7F500083E
:10F46000C7F50008C7F50008C7F50008C7F500088C
:10F47000C7F50008C7F50008C7F50008C7F500087C
:10F48000C7F50008C7F50008C7F50008C7F500086C
:10F49000C7F50008C7F50008C7F50008C7F500085C
:10F4A0004FF50008C7F50008C7F50008C7F50008C4
:10F4B000C7F50008C7F50008C7F50008C7F500083C
:10F4C000C7F50008C7F50008C7F50008C7F500082C
:10F4D000C7F50008C7F50008C7F50008C7F500081C
:10F4E000C7F50008C7F50008C7F50008C7F500080C
:10F4F000C7F50008C7F50008C7F50008C7F50008FC
:10F50000C7F50008C7F50008C7F50008C7F50008EB
:10F51000C7F50008C7F50008C7F50008C7F50008DB
:10F520003FF500083A687B6893ED007BB0EE470A30
:10F53000F0EE670A1046F3F732FC034649E03B68F9
:10F540007A6811461846F3F7FEFB034641E03B6834
:10F550007A6811461846F3F70CFC034639E0386820
:10F560007B6819687B685B681A46F3F730FC0346D2
:10F570002FE038687B6819687B685B681A46F3F788
:10F580003DFC034625E039687B68D3E90023084643
:10F59000F3F74CFC03461CE039687B68D3E9002391
:10F5A0000846F3F75BFC034613E03A687B681B7878
:10F5B000002B14BF01230023DBB219461046F3F7DA
:10F5C00065FC034605E03B681846F3F777FC034605
:10F5D00000BF18460837BD4680BD00BFB0B582B039
:10F5E00000AF786039607C68386807F0F3FD054645
:10F5F000386807F0F1FD03461A462946204600F018
:10F600009FFC7B6818460837BD46B0BD90B585B0F5
:10F6100000AFF860B960394681E80C00FB681C4611
:10F6200007F120030FCB84E80F00FB6800221A7457
:10F63000FB6803F114003B4693E8060000F093FCDE
:10F64000FB68BA681A62FB6818461437BD4690BD5D
:10F65000B0B586B000AFF860B9603A713B70F86839
:10F6600000F09AFC0346FB75FB7D002B01D0FB7D6F
:10F67000D2E0F86800F0C6FC03467B2B00F3BA80AA
:10F680005B2B04DA222B7BD0272B79D0B2E05B3BBB
:10F69000202B00F2AF8001A252F823F021F70008DE
:10F6A000F5F70008F5F70008F5F70008F5F700088A
:10F6B000F5F70008F5F70008F5F70008F5F700087A
:10F6C000F5F70008F5F70008C7F70008F5F7000898
:10F6D000F5F70008F5F70008F5F70008F5F700085A
:10F6E000F5F70008F5F70008E9F70008F5F7000856
:10F6F000F5F70008F5F70008F5F70008F5F700083A
:10F70000A5F70008F5F70008F5F70008F5F7000879
:10F71000F5F70008F5F70008F5F7000851F70008BD
:10F720003B1D1846F3F742FE0346002B0AD0B8688B
:10F73000F2F789FD01463B782A46F86800F079FC2B
:10F74000034669E03978F86800F0F9FC034663E0A5
:10F750003B1D1846F3F735FE0346002B0AD0B86868
:10F76000F2F782FD01463B782246F86800F02AFD58
:10F77000034651E03978F86800F020FE03464BE07C
:10F780003B1D1846F3F728FE0346002B05D0B96849
:10F79000F86800F093FE03463EE0F86800F0B3FE20
:10F7A000034639E03B1D1846F3F716FE0346002BCF
:10F7B00003D00121B868F2F7EDFC1949F86800F0B0
:10F7C000D7FE034628E03B1D1846F3F705FE034627
:10F7D000002B03D00021B868F2F7DCFC1149F8686F
:10F7E00000F0C6FE034617E00F49F86800F0C0FEBF
:10F7F000034611E03B1D1846F3F7EEFD0346002BD0
:10F8000005D0B968F86800F0D9FE034604E0F8684E
:10F8100000F01AFF034600BF18461837BD46B0BDBA
:10F82000388A0108408A0108488A010880B483B0F8
:10F8300000AF78607B681B7A18460C37BD465DF8D0
:10F84000047B704780B582B000AF7860786807F0BD
:10F85000E1FE034618460837BD4680BD80B582B03C
:10F8600000AF7860786807F0BBFC0346184608379D
:10F87000BD4680BD80B586B000AFF8603B1D83E813
:10F8800006003B1D1846F2F756F90346002B01D03F
:10F8900000231EE0FB681B687B6114E07869F2F7C7
:10F8A000C6FA03461846FDF7FCF803461A463B1D08
:10F8B00093E8030000F0E6FE0346002B07D17869C9
:10F8C000F2F741FA78617B69002BE7D100E000BFD5
:10F8D0007B6918461837BD4680BD80B584B000AF3F
:10F8E000786039603B461846F2F7BFF80346002BB4
:10F8F00001D000231CE07B681B68FB6012E0F86805
:10F90000F2F795FA03461846FDF7CBF80346194679
:10F91000386800F001FF0346002B07D1F868F2F7C2
:10F9200012FAF860FB68002BE9D100E000BFFB6829
:10F9300018461037BD4680BD90B589B000AF3C1D5C
:10F9400084E807003B603B1D1846F2F705F9B861F3
:10F950003B461846F2F79AF87861BA697B699A4291
:10F9600001D0002320E00023FB6118E03B1DF96972
:10F970001846F2F7FDF803461C463B46F96918465F
:10F98000F2F798F803469C4214BF01230023DBB230
:10F99000002B01D0002307E0FB690133FB61FA690A
:10F9A000BB699A42E2D3012318462437BD4690BD75
:10F9B00080B582B000AF786039607B683A46114606
:10F9C000184601F00BF87B6818460837BD4680BD25
:10F9D00080B586B000AF786039607868F2F755FC82
:10F9E0000346023B3E2B00F2F48001A252F823F0C2
:10F9F00085FB000885FB000871FB000871FB00080F
:10FA0000B9FB0008D3FB0008A9FB0008D3FB0008E2
:10FA100099FB0008D3FB0008EDFA0008D3FB0008AF
:10FA2000D3FB0008D3FB0008D3FB0008D3FB00087E
:10FA3000D3FB0008D3FB0008D3FB0008D3FB00086E
:10FA4000D3FB0008D3FB0008D3FB0008D3FB00085E
:10FA5000D3FB0008D3FB0008D3FB0008D3FB00084E
:10FA6000D3FB0008D3FB000863FB0008D3FB0008AE
:10FA7000D3FB0008D3FB0008D3FB0008D3FB00082E
:10FA8000D3FB0008D3FB0008D3FB0008D3FB00081E
:10FA9000D3FB0008D3FB0008D3FB0008D3FB00080E
:10FAA000D3FB0008D3FB0008D3FB0008D3FB0008FE
:10FAB000D3FB0008D3FB0008D3FB0008D3FB0008EE
:10FAC000D3FB0008D3FB0008D3FB0008D3FB0008DE
:10FAD000D3FB0008D3FB0008D3FB0008D3FB0008CE
:10FAE000D3FB0008D3FB000805FB00087B6893EDFF
:10FAF000007BB0EE470AF0EE670A386800F081FF3D
:10FB000003466BE07B683A687A613B615B21786908
:10FB100001F0A2FB3869F2F7F4F8F86012E0F86837
:10FB2000F2F706F9034679691846FFF751FFF868BE
:10FB3000F2F720F9F860FB68002B07D02C217869D8
:10FB400001F08AFBFB68002BE9D100E000BF5D21DA
:10FB5000786901F081FB786901F01DF8034600BF68
:10FB60003CE07B681946386800F05FFF034635E0EB
:10FB70007B6819687B685B681A46386800F094FFF8
:10FB800003462BE07B6819687B685B681A46386817
:10FB900000F09EFF034621E07B68D3E9002338682C
:10FBA00000F0AAFF034619E07B68D3E90023386818
:10FBB00000F0B6FF034611E07B681B78002B14BFF2
:10FBC00001230023DBB21946386800F0BDFF03466D
:10FBD00004E0386800F006F8034600BF18461837FE
:10FBE000BD4680BD80B582B000AF78607B680649B5
:10FBF000184600F0BDFF786800F0CDFF03461846B8
:10FC00000837BD4680BD00BF488A010880B582B074
:10FC100000AF786039607B68D3E900013B68D3E9C5
:10FC20000023F0F75BFF0346002B01D004230DE017
:10FC30007B68D3E900013B68D3E90023F0F76CFF50
:10FC40000346002B01D0022300E0012318460837A9
:10FC5000BD4680BD80B588B000AFF860B9607A60FD
:10FC6000FB68D3E9002310461946F0F797FC0246DB
:10FC70000B46C7E90423BB68D3E90023C7E9062381
:10FC800007F1180207F1100311461846FFF7BEFFEF
:10FC9000034618462037BD4680BD80B588B000AF0A
:10FCA000F860B9607A60FB68D3E900231046194612
:10FCB000F0F76CFC02460B46C7E90423BB68D3E9A6
:10FCC0000023C7E9062307F1180207F110031146C4
:10FCD0001846FFF79BFF034618462037BD4680BDF8
:10FCE00080B584B000AFF8603B1D83E80600FA6879
:10FCF0003B1D93E8030000F05BFF03465B421846A0
:10FD00001037BD4680BD80B588B000AFF860B960DF
:10FD10007A60FB68D3E90023C7E90423BB68D3E911
:10FD2000002310461946F0F739FC02460B46C7E996
:10FD3000062307F1180207F1100311461846FFF7D2
:10FD400065FF034618462037BD4680BD80B483B0AA
:10FD500000AF786039607B68D3E900013B68D3E984
:10FD60000023904271EB030301DA04230CE07B686B
:10FD7000D3E900233968D1E90001904271EB030314
:10FD800001DA022300E0012318460C37BD465DF876
:10FD9000047B704780B586B000AFF860B9607A60C8
:10FDA000BB68D3E90023002B01DA02230CE0BB6817
:10FDB000D3E90023C7E9042307F110031946F868C3
:10FDC00000F047F8034600BF18461837BD4680BD0F
:10FDD00080B588B000AFF860B9607A60FB68D3E99D
:10FDE0000023C7E90423BB68D3E900231046194662
:10FDF000F0F7CCFB02460B46C7E9062307F11802D1
:10FE000007F1100311461846FFF700FF0346184696
:10FE10002037BD4680BD80B586B000AFF860B960C0
:10FE20007A60FB68D3E90023002B01DA04230CE09D
:10FE3000FB68D3E90023C7E9042307F11003B9687D
:10FE4000184600F006F8034600BF18461837BD46AE
:10FE500080BD80B483B000AF786039607B68D3E93F
:10FE600000013B68D3E90023904271EB030301D208
:10FE700004230CE07B68D3E900233968D1E9000151
:10FE8000904271EB030301D2022300E001231846E4
:10FE90000C37BD465DF8047B704780B588B000AF75
:10FEA000F860B9607A60FB68D3E90023C7E90423EE
:10FEB000BB681B781846F0F725FB02460B46C7E9DE
:10FEC000062307F1180207F1100311461846FFF741
:10FED0009DFE034618462037BD4680BDB0B586B0AE
:10FEE00000AFF860B9607A60BB681B78DBB20022B3
:10FEF0001C461546C7E9044507F110031946F86882
:10FF0000FFF724FF034618461837BD46B0BDB0B50D
:10FF100086B000AFF860B9607A60BB681B78DBB26E
:10FF200000221C461546C7E9044507F1100319468F
:10FF3000F868FFF78EFF034618461837BD46B0BD78
:10FF400080B485B000AFF860B9607A60FB68BA68C9
:10FF50001A60FB687A685A60FB6818461437BD4619
:10FF60005DF8047B704780B485B000AFF8603B1D3E
:10FF700083E80600FB681A463B1D93E8030082E80D
:10FF80000300FB6800225A72FB6818461437BD460E
:10FF90005DF8047B7047000080B582B000AF7860E8
:10FFA000786800F02FF80346002B13D0002B1DDBE0
:10FFB000202B1BDC092B19DB093B114A22FA03F326
:10FFC00003F00103002B14BF01230023DBB2002B3D
:10FFD00008D10BE07B681B7C002B01D002230BE0D7
:10FFE000012309E0786800F03FFE04E07B6801220D
:10FFF0001A74002300E0D3E718460837BD4680BDD9
:020000040801F1
:100000001300800080B584B000AF78607B68143343
:10001000FB60FB685B7A83F00103DBB2002B02D04C
:10002000F86801F038FAFB681B7A18461037BD46AD
:1000300080BD90B589B000AFF860B9603A713B708F
:100040003B461846F3F704FA0346002B01D005237C
:1000500071E0F86800F008FEF868FFF79DFF0346BE
:10006000FB77FB7F002B01D0FB7F64E05D21F8680C
:1000700000F007FE0346002B01D000235BE00023C5
:100080007B6107F114023B1D1146184600F016FE75
:1000900007F110031846F3F77EF90346002B1CD036
:1000A000FB681B6A1946B868F2F74DFBB861BB697B
:1000B000002B01D104233EE03B461846F3F7B5F987
:1000C00003462246B969F868FFF7C2FA0346FB7790
:1000D000FB7F002B11D0FB7F2DE03B461846F3F74A
:1000E000A4F903461946F86800F0F4FD0346FB77CF
:1000F000FB7F002B01D0FB7F1DE0F868FFF74CFF72
:100100000346FB77FB7F002B01D0FB7F13E05D21D3
:10011000F86800F0B6FD0346002B01D000230AE08A
:100120002C21F86800F0ADFD034683F00103DBB23B
:10013000002BADD0032318462437BD4690BD80B5B3
:1001400084B000AF786039703B461846F3F780F909
:100150000346002B01D0052330E0786800F084FDD1
:100160003B461846F3F761F903461946786800F0F4
:10017000B1FD0346FB73FB7B002B01D0FB7B1DE035
:100180007868FFF709FF0346FB73FB7B002B01D068
:10019000FB7B13E05D21786800F073FD0346002BC4
:1001A00001D000230AE02C21786800F06AFD0346A4
:1001B00083F00103DBB2002BD2D0032318461037A3
:1001C000BD4680BD90B591B000AFF860B9603A719E
:1001D0003B703B461846F3F73BF90346002B01D032
:1001E0000523E7E0F86800F03FFDF868FFF7D4FE6C
:1001F000034687F83B3097F83B30002B02D097F846
:100200003B30D7E07D21F86800F03BFD0346002B32
:1002100001D00023CEE0F86800F0F2FD034687F835
:100220003B3097F83B30002B02D097F83B30C1E0D1
:10023000F868FFF7B1FE034687F83B3097F83B308C
:10024000002B02D097F83B30B4E03A21F86800F078
:1002500018FD034683F00103DBB2002B01D003231A
:10026000A8E0FA6807F1180311461846F3F78AF96F
:1002700007F118031846F1F7DEFC03467B6207F12D
:1002800024023B1D1146184600F0DAFD07F1140365
:100290001846F3F780F80346002B49D007F11803FE
:1002A0001846F1F7C8FC03461846FCF7FAFB03466C
:1002B0001946B868FEF7A5FDF863FB6B002B23D148
:1002C000FA6807F1280311461846F3F711F907F108
:1002D000180307F1280207CA03C31A70FB681B6AD8
:1002E0001946B868F2F705FA78637B6B002B01D1E9
:1002F00004235FE0786B07F118030ECBF1F76FFD75
:10030000786BF1F70AFDF8633B461846F3F78DF872
:1003100003462246F96BF868FFF79AF9034687F817
:100320003B3097F83B30002B15D097F83B3041E03D
:100330003B461846F3F779F803461946F86800F08B
:10034000C9FC034687F83B3097F83B30002B02D0BE
:1003500097F83B302EE0F868FFF71EFE034687F85B
:100360003B3097F83B30002B02D097F83B3021E030
:100370007D21F86800F085FC0346002B01D00023A6
:1003800018E02C21F86800F07CFC034683F00103A0
:10039000DBB2002B01D003230CE0F868FFF7FCFD73
:1003A000034687F83B3097F83B30002B3FF433AFE0
:1003B00097F83B3018464437BD4690BD80B584B0B1
:1003C00000AF786039703B461846F3F741F80346B2
:1003D000002B01D005236DE0786800F045FC7868BB
:1003E000FFF7DAFD0346FB73FB7B002B01D0FB7BA1
:1003F00060E07D21786800F044FC0346002B01D0CA
:10040000002357E0786800F027FD0346FB73FB7B71
:10041000002B01D0FB7B4DE07868FFF7BDFD034664
:10042000FB73FB7B002B01D0FB7B43E03A21786818
:1004300000F027FC034683F00103DBB2002B01D060
:10044000032337E03B461846F2F7EFFF0346194611
:10045000786800F03FFC0346FB73FB7B002B01D068
:10046000FB7B27E07868FFF797FD0346FB73FB7B78
:10047000002B01D0FB7B1DE07D21786800F001FCA2
:100480000346002B01D0002314E02C21786800F0F3
:10049000F8FB034683F00103DBB2002B01D00323FA
:1004A00008E07868FFF778FD0346FB73FB7B002BC1
:1004B000A8D0FB7B18461037BD4680BD80B586B0FE
:1004C00000AF786039607B681846F2F7F4FF78680F
:1004D00000F0DEFC0346FB75FB7D002B01D0FB7DAD
:1004E0000DE07A6807F1080311461846F3F700F8A3
:1004F00007F108030ECB3868F1F77CFE002318469D
:100500001837BD4680BD80B584B000AF786078688C
:10051000FFF778FD0346FB73786800F0A5FB786869
:10052000FFF770FD0346BB73786800F09DFBBA7B54
:10053000FB7B9A4216D0BB7B002B01D1022313E038
:10054000BB7B5C2BEBD17868FFF75CFD0346002B8F
:1005500014BF01230023DBB2002BE0D0786800F049
:1005600083FBDCE700BF002318461037BD4680BD83
:1005700080B584B000AF7860396016E07868FFF726
:1005800041FD0346FB73FB7B002B01D1022311E0ED
:100590003B681B78FA7B9A4201D003230AE03B6850
:1005A00001333B60786800F05FFB3B681B78002BF1
:1005B000E4D1002318461037BD4680BD80B584B015
:1005C00000AF786039600023FB737868FFF71AFD8D
:1005D0000346BB7310E0786800F046FBFB7B5A1CB7
:1005E000FA731A467B681344BA7B83F82420786830
:1005F000FFF708FD0346BB73BB7B184600F0C9FC40
:100600000346002B04D0FB7B3E2B01D8012300E0E6
:100610000023002BDFD1FB7B7A681344002283F890
:1006200024207B68243339681846F2F76DFC0346B2
:1006300083F00103DBB2002B01D0032300E0002391
:1006400018461037BD4680BD80B584B000AF7860D5
:100650007868FFF7D7FC0346FB7307E0786800F083
:1006600003FB7868FFF7CEFC0346FB73FB7B184661
:1006700000F08FFC0346002BF0D100231846103702
:10068000BD4680BD90B589B000AF07F1080383E88F
:1006900003007A6007F108031846F1F75DFAB861C4
:1006A0003B1D1846F1F7F2F97861BA697B699A4205
:1006B00001D0002321E00023FB6119E007F10803CA
:1006C000F9691846F1F754FA03461C463B1DF969CF
:1006D0001846F1F7EFF903469C4214BF01230023AB
:1006E000DBB2002B01D0002307E0FB690133FB6183
:1006F000FA69BB699A42E1D3012318462437BD4603
:1007000090BD80B483B000AF78607B6818460C372A
:10071000BD465DF8047B704790B587B000AF786048
:1007200039603B1D1846F1F7B1F938613B46184670
:10073000F1F7ACF9F8603A69FB689A4201D00023FE
:1007400020E000237B6118E03B1D79691846F1F732
:10075000B1F903461C463B4679691846F1F7AAF9F8
:1007600003469C4214BF01230023DBB2002B01D0BF
:10077000002307E07B6901337B617A693B699A4218
:10078000E2D3012318461C37BD4690BD80B584B026
:1007900000AFF860384680E80E003B461846F1F797
:1007A00073FA034683F00103DBB2002B06D1FB682A
:1007B00018683B460ECBF1F712FB00E000BF103784
:1007C000BD4680BD90B583B000AF87ED000B01231F
:1007D0001C46D7E90023D7E90001F0F775F9034675
:1007E000002B01D000231C46E3B218460C37BD464F
:1007F00090BD80B582B000AF87ED000B4FF00002D6
:100800004FF00003D7E90001F0F75EF90346002B33
:1008100010D1D7E9000102460B46EFF737FD02463B
:100820000B46D7E90001F0F74FF90346002B01D042
:10083000012300E0002318460837BD4680BD0000B4
:10084000B0B588B000AFF86087ED000B614BFB617D
:10085000FB6809229A723B46184600F0C1FB03462A
:100860001A46FB681A81D7E9002310461946F0F7AB
:1008700085F90246FB681A60FB681B68BB6114E0DF
:10088000FB69554AA2FB0323DB08FB61FB6893F974
:100890000A30DBB2013BDBB25AB2FB689A72BB6929
:1008A0004D4AA2FB0323DB08BB61BB69092BE7D8D8
:1008B000D7E90045FB681B681846EFF723FE0246A0
:1008C0000B4620462946EFF7DFFC02460B4614464E
:1008D0001D46F869EFF716FE02460B4620462946EC
:1008E000EFF78AFE02460B46C7E90423D7E9040165
:1008F000F0F744F90246FB685A60FB685B681846EB
:10090000EFF700FE02460B46D7E90401EFF7BCFC07
:1009100002460B46C7E90423FB685C68D7E904017B
:1009200002460B46EFF7B2FC02460B46104619464C
:10093000F0F724F90346E218FB685A60FB685B682D
:10094000FA699A422ED8FB6800225A60FB681B683D
:100950005A1CFB681A60FB68B3F90830002B21D0E1
:10096000FB681B68092B1DD9FB68B3F908309BB2E3
:1009700001339BB21AB2FB681A81FB6801221A602C
:1009800010E0FB685B68144AA2FB0323DA08FB68EB
:100990005A60FB6893F90A30DBB2013BDBB25AB212
:1009A000FB689A72FB6859680B4BA3FB0123DA08BA
:1009B00013469B0013445B00CA1A002A04D1FB684B
:1009C00093F90A30002BDCDCFB6818462037BD4663
:1009D000B0BD00BF00CA9A3BCDCCCCCC80B483B0B4
:1009E00000AF786039607B683A6812681A607B688B
:1009F00000225A607B6818460C37BD465DF8047BC0
:100A0000704780B584B000AFF86087ED000BFB68DD
:100A100097ED000B184600F0C1FBF86800F0BBF83A
:100A2000034618461037BD4680BD90B585B000AF6F
:100A3000786039607B21786800F00EFC3868F1F747
:100A400060F9F8601FE07C68F868F1F7F0F9034698
:100A50001946204600F010FC3A21786800F0FCFBB3
:100A6000F868F1F765F9034679681846FEF7B0FFB4
:100A7000F868F1F77FF9F860FB68002B07D02C21AC
:100A8000786800F0E9FBFB68002BDCD100E000BFD8
:100A90007D21786800F0E0FB786800F07CF8034680
:100AA00018461437BD4690BD80B584B000AFF860DD
:100AB000B9607A60FB687A68B968184600F0FAFB9A
:100AC000F86800F068F8034618461037BD4680BD48
:100AD00080B584B000AFF860B9607A60FB687A686E
:100AE000B968184600F00BFCF86800F054F80346AB
:100AF00018461037BD4680BD80B584B000AFF860A1
:100B0000C7E90023F968D7E90023084600F007FC8D
:100B1000F86800F040F8034618461037BD4680BD1F
:100B200080B584B000AFF860C7E90023F968D7E961
:100B30000023084600F017FCF86800F02CF8034684
:100B400018461037BD4680BD80B582B000AF7860D2
:100B50000B46FB707B68FA781146184600F038FCAB
:100B6000786800F018F8034618460837BD4680BD7F
:100B700090B583B000AF786039607C683868EFF773
:100B800077FB03461A463968204600F03BFC00BF5D
:100B90000C37BD4690BD80B582B000AF78607B68F1
:100BA000184600F045FC034618460837BD4680BD90
:100BB00090B589B000AF07F1080383E803007A60BD
:100BC00007F108031846F0F7C7FFB8613B1D184648
:100BD000F0F75CFF7861BA697B699A4201D2BB6920
:100BE00000E07B693B610023FB6127E007F108031C
:100BF000F9691846F0F7BCFF03461C463B1DF9692E
:100C00001846F0F757FF03469C4214BF0123002308
:100C1000DBB2002B0FD007F10803F9691846F0F793
:100C2000A7FF03461C463B1DF9691846F0F742FF33
:100C30000346E31A14E0FB690133FB61FA693B697F
:100C40009A42D3D3BA697B699A4202D24FF0FF33FA
:100C500006E0BA697B699A4201D9012300E00023CA
:100C600018462437BD4690BD80B582B000AF78608D
:100C70007B681433184600F001FC00BF0837BD46FE
:100C800080BD80B582B000AF78600B46FB7078689D
:100C9000FFF7B8F903461A46FB78934214BF0123C5
:100CA0000023DBB2002B01D0002303E07868FFF7BC
:100CB000DBFF012318460837BD4680BD80B483B0F2
:100CC00000AF7860396000BF18460C37BD465DF84C
:100CD000047B704780B584B000AF78603970786865
:100CE000FFF75AF90346FB73FB7B002B01D0FB7B1C
:100CF0007CE07868FFF786F903467B2B71DC5B2B81
:100D000004DA222B56D0272B54D06AE05B3B202BF1
:100D100067D801A252F823F09D0D0108E30D0108E8
:100D2000E30D0108E30D0108E30D0108E30D0108DF
:100D3000E30D0108E30D0108E30D0108E30D0108CF
:100D4000E30D0108CB0D0108E30D0108E30D0108D7
:100D5000E30D0108E30D0108E30D0108E30D0108AF
:100D6000E30D0108D70D0108E30D0108E30D0108AB
:100D7000E30D0108E30D0108E30D0108BF0D0108B3
:100D8000E30D0108E30D0108E30D0108E30D01087F
:100D9000E30D0108E30D0108A90D01083978786811
:100DA000FFF7CDF9034621E039787868FFF706FBB5
:100DB00003461BE07868FFF7A6FB034616E00D49E3
:100DC0007868FFF7D5FB034610E00B497868FFF71A
:100DD000CFFB03460AE009497868FFF7C9FB0346E1
:100DE00004E07868FFF730FC034600BF1846103770
:100DF000BD4680BD388A0108408A0108488A01083A
:100E000080B582B000AF78607B681846F2F753FB7C
:100E10007868FFF7F7F80346184600F052FB0346E0
:100E2000002B04D0786800F033F8034604E07868BB
:100E300000F05BFB034600BF18460837BD4680BD87
:100E400080B483B000AF7860396000BF18460C37BB
:100E5000BD465DF8047B704780B582B000AF786016
:100E60007868FFF7CFF80346184600F02AFB0346E0
:100E7000002B04D07868FFF746FB034604E078684F
:100E800000F06CFB034600BF18460837BD4680BD26
:100E900080B586B000AF786007F10C031846F2F712
:100EA000B5FB7868FFF7AEF80346BB757868FFF7C7
:100EB000DBFE7868FFF7A6F80346FB757868FFF756
:100EC000D3FEFA7DBB7D9A4251D0FB7D002B01D130
:100ED00002235AE0FB7D5C2B40D17868FFF792F843
:100EE0000346FB75FB7D002B01D102234DE0FB7D0A
:100EF000752B25D17868FFF7B7FE07F10A0319466D
:100F0000786800F049FB03467B757B7D002B01D0A0
:100F10007B7D3AE07A8907F10C0311461846F2F717
:100F200086FB0346002B20D007F10C031846F2F78E
:100F3000B0FB02467B681946104600F066FBB8E736
:100F4000FB7D1846F1F790FC0346FB75FB7D002BFB
:100F500001D1032319E07868FFF786FE7B68FA7DEC
:100F600011461846F2F7DCFAA3E700BFA1E700BF7D
:100F70007B681846F2F7F5FA034683F00103DBB20B
:100F8000002B01D0042300E0002318461837BD468B
:100F900080BD80B582B000AF0346FB71FB7939227A
:100FA0003021184600F0AFFB0346002B0ED1FB7931
:100FB0002B2B0BD0FB792D2B08D0FB792E2B05D0BA
:100FC000FB79652B02D0FB79452B01D1012300E091
:100FD000002318460837BD4680BD00000000000011
:100FE000F0B589B000AF78600023FB8308237B77DE
:100FF00097F91D30012202FA03F3BB617B68D3E944
:10100000000162A3D3E90023EFF77CFD0346002B28
:101010004AD045E07B68D3E90045FCF7FFFA034678
:10102000BB6097F91D2007F1080311461846FCF72D
:1010300015FB53EC102B01210E4620462946EFF7F5
:1010400061FD0346002B01D100231E46F3B2002BA5
:101050001DD0FCF7F3FA0346FB6097F91D2007F15A
:101060000C0311461846FCF7F9FA51EC100B7B689B
:10107000D3E90023EFF7C0FA02460B467968C1E9CD
:101080000023BB699AB2FB8B13449BB2FB83BB6901
:101090005B10BB6197F91D30DBB2013BDBB27B77A4
:1010A00097F91D30002BB5DA7B68D3E900014FF0CA
:1010B00000024FF00003EFF72FFD0346002B5CD03A
:1010C0007B68D3E9000133A3D3E90023EFF710FDD8
:1010D0000346002B51D04CE07B68D3E90045FCF778
:1010E000ADFA03463B6197F91D2007F11003114645
:1010F0001846FCF7B3FA51EC100B4FF00002224BEC
:10110000EFF77AFA02460B4601210E4620462946A1
:10111000EFF7E4FC0346002B01D100231E46F3B297
:10112000002B1DD0FCF77AFA03467B6197F91D204E
:1011300007F1140311461846FCF790FA51EC100B16
:101140007B68D3E90023EFF757FA02460B4679682C
:10115000C1E90023FA8BBB699BB2D31A9BB2FB8314
:10116000BB695B10BB6197F91D30DBB2013BDBB2A1
:101170007B7797F91D30002BAEDAB7F91E30184691
:101180002437BD46F0BD00BF000024400000000031
:10119000D0126341F168E388B5F8E43EB0B588B099
:1011A00000AFF86087ED000B97ED000BFFF70AFB2F
:1011B0000346002B04D02749F868FFF7D9FC45E027
:1011C00097ED000BFFF715FB0346002B04D02149D8
:1011D000F868FFF7CDFC39E04FF000024FF0000354
:1011E000D7E90001EFF77AFC0346002B09D02D2147
:1011F000F86800F0B7FA3C687B6883F00045C7E9FF
:10120000004507F1140397ED000B1846FFF718FB94
:101210007B691946F86800F0B5FA97F91E30002B83
:1012200006D0BB6997F91E201946F86800F0DCFA71
:10123000B7F91C30002B09D06521F86800F092FA4C
:10124000B7F91C301946F86800F012FB2037BD468C
:10125000B0BD00BF488A010880B582B000AF786099
:101260000B46FB707B68FA781146184600F07AFA54
:1012700000BF0837BD4680BD80B582B000AF786042
:1012800039602221786800F06DFA07E03B685A1C4B
:101290003A601B781946786800F008FB3B681B78B9
:1012A000002BF3D12221786800F05CFA00BF0837E8
:1012B000BD4680BD80B584B000AFF860B9607A608B
:1012C0002221F86800F04EFA07E0BB685A1CBA60A9
:1012D0001B781946F86800F0E9FA7B685A1E7A60B4
:1012E000002B14BF01230023DBB2002BEDD1222100
:1012F000F86800F037FA00BF1037BD4680BD80B5F2
:1013000084B000AFF860B9607A60FB687A68B96849
:10131000184600F077F800BF1037BD4680BDB0B565
:1013200086B000AFF860C7E90023D7E90023002B9F
:101330000CDA2D21F86800F015FAD7E90023002116
:10134000544261EB0305C7E9044503E0D7E90023F4
:10135000C7E90423D7E90423F86800F004F800BFC4
:101360001837BD46B0BD80B58CB000AFF860C7E996
:10137000002307F110031633BB62BB6AFB62D7E997
:1013800000014FF00A024FF00003EFF717FCD3B251
:10139000FA6A013AFA623033DAB2FB6A1A70D7E9B4
:1013A00000014FF00A024FF00003EFF707FC02467E
:1013B0000B46C7E90023D7E900231343DFD1BA6AFC
:1013C000F96AF86800F09EFA00BF3037BD4680BD6C
:1013D00080B582B000AF78600B46FB70FB78002BC5
:1013E00004D006497868FFF7C3FB03E00449786836
:1013F000FFF7BEFB00BF0837BD4680BD388A010835
:10140000408A010880B584B000AFF860B9607A60A6
:10141000FB687A68B968184600F086FA0246FB68ED
:101420005B681A44FB685A6000BF1037BD4680BD38
:1014300080B582B000AF78607B68184600F086FA0D
:10144000034618460837BD4680BD80B584B000AF5E
:10145000F860381D80E806003B60FB68002B01D176
:10146000002307E0F8683B683A1D06CA00F07AFAE4
:10147000034600BF18461037BD4680BD80B483B018
:1014800000AF78607B6800225A7200BF0C37BD46FF
:101490005DF8047B704780B584B000AF78607B68EE
:1014A000184600F087FAF860FB6823EAE373DAB2C3
:1014B0007B681A727B6801225A7200BF1037BD46E2
:1014C00080BD80B483B000AF0346FB71FB79272B4E
:1014D00002D0FB79222B01D1012300E00023184622
:1014E0000C37BD465DF8047B704780B584B000AF13
:1014F00078607868FEF786FD0346FB73FB7B184631
:1015000000F07BFA0346002B15D07868FFF7ACFBA0
:101510007B68FA7B11461846F2F702F87868FEF706
:1015200071FD0346FB73FB7B184600F066FA034629
:10153000002BEAD101E003230CE07B681846F2F7A8
:1015400010F8034683F00103DBB2002B01D0042323
:1015500000E0002318461037BD4680BD80B584B03A
:1015600000AF78607868FEF74DFD0346FB7307E037
:101570007868FFF779FB7868FEF744FD0346FB7354
:10158000FB7B184600F039FA0346002BF0D100230C
:1015900018461037BD4680BD80B584B000AF786076
:1015A00039603B6800221A800023FB7325E07868CD
:1015B000FEF728FD0346BB73BB7B002B01D1022342
:1015C0001FE0BB7B184600F03FFA03467B737B7B32
:1015D0000F2B01D9032314E03B681B881B011AB2AF
:1015E0007B7B1BB213431BB29AB23B681A807868AC
:1015F000FFF73AFBFB7B0133FB73FB7B032BD6D955
:10160000002318461037BD4680BD80B586B000AFB8
:10161000786039607B687F2B06D87B68DBB219461F
:101620003868F1F77DFF6AE007F10C037B617B69A5
:101630005A1C7A6100221A707B68DBB203F03F0308
:10164000DAB27B69591C796162F07F02D2B21A70FA
:101650007B689B097B827B8A1F2B09D87B8ADAB245
:101660007B69591C796162F03F02D2B21A703AE08C
:101670007B8ADBB203F03F03DAB27B69591C7961E4
:1016800062F07F02D2B21A707B8A9B097B827B8ACE
:101690000F2B09D87B8ADAB27B69591C796162F019
:1016A0001F02D2B21A701EE07B8ADBB203F03F0346
:1016B000DAB27B69591C796162F07F02D2B21A708A
:1016C0007B8A9B097B827B8ADAB27B69591C7961B0
:1016D00062F00F02D2B21A7005E07B691B781946DE
:1016E0003868F1F71DFF7B69013B7B617B691B78E3
:1016F000002B14BF01230023DBB2002BEDD100BF70
:101700001837BD4680BD80B483B000AF0346FB717F
:101710000B46BB7113467B71BA79FB799A4205D8A7
:10172000FA797B799A4201D8012300E00023184618
:101730000C37BD465DF8047B704780B582B000AFC2
:10174000786039607B68002B01D1002306E07B685C
:1017500039681846FCF73DF9034600BF18460837BC
:10176000BD4680BD80B582B000AF78600B46FB708F
:101770007B68FA781146184600F07FF900BF0837F9
:10178000BD4680BD80B58AB000AF7860396007F192
:10179000080316333B623B6A7B623968114BA3FB3B
:1017A0000123DA0813469B0013445B00CA1AD3B224
:1017B0007A6A013A7A623033DAB27B6A1A703B682D
:1017C000084AA2FB0323DB083B603B68002BE4D103
:1017D0003A6A796A786800F095F800BF2837BD4604
:1017E00080BD00BFCDCCCCCC80B58AB000AFF86056
:1017F000B9601346FB7107F1100310333B623B6A7B
:101800007B6217E0B968194BA3FB0123DA08134682
:101810009B0013445B00CA1AD3B27A6A013A7A6217
:101820003033DAB27B6A1A70BB68104AA2FB03231A
:10183000DB08BB6097F90730DAB2013AD2B2FA712D
:10184000002B14BF01230023DBB2002BDAD17B6A0B
:10185000013B7B627B6A2E221A703A6A796AF868C9
:1018600000F050F800BF2837BD4680BDCDCCCCCCB1
:1018700080B584B000AF78600B467B80B7F902304A
:10188000002B07DA2D217868FFF76CFF7B885B421D
:10189000FB8101E07B88FB81FB891946786800F0B9
:1018A00003F900BF1037BD4680BD000080B584B08D
:1018B00000AF78600B46FB70FB781846F0F7B7FF77
:1018C0000346FB73FB7B002B09D05C217868FFF794
:1018D00049FFFB7B19467868FFF744FF0CE0FB7873
:1018E000002B05D0FB7819467868FFF73BFF03E033
:1018F00003497868FFF73CF900BF1037BD4680BD4B
:10190000508A010880B584B000AFF860B9607A6091
:10191000F8687A68BB68D31A1A46B968FFF772FD8F
:1019200000BF1037BD4680BD80B584B000AFF86001
:10193000B9607A60FB681B687A68B968184605F078
:101940003DFE7B6818461037BD4680BD80B483B02D
:1019500000AF78607B685B6818460C37BD465DF861
:10196000047B704780B584B000AFF860381D80E814
:1019700006003B60F868F0F7EDFB0346002B02D051
:10198000F868F0F771FCF868F0F7D1FB034683F0D4
:101990000103DBB2002B01D0002307E0F8683B68AD
:1019A0003A1D06CA00F0B4F8034600BF18461037C7
:1019B000BD4680BD80B584B000AF78607A687B6832
:1019C00004331946104600F0CFF80346002B0ED022
:1019D0007B680021184600F0DFF80346FB6007F142
:1019E0000C031846FAF72AFF03461B7801E04FF074
:1019F000FF3318461037BD4680BD80B582B000AFBA
:101A00000346FB71FB79392230211846FFF77BFE34
:101A10000346002B11D1FB797A225F211846FFF78C
:101A200072FE0346002B08D1FB795A224121184649
:101A3000FFF769FE0346002B01D0012300E00023DD
:101A400018460837BD4680BD80B483B000AF03465A
:101A5000FB71FB79402B03D8FB79303BDBB206E00E
:101A6000FB7923F02003FB71FB79373BDBB218468F
:101A70000C37BD465DF8047B704780B582B000AF7F
:101A800078600B46FB707B68FA781146184600F0C8
:101A90009BF802467B685B681A447B685A6000BF0B
:101AA0000837BD4680BD000080B58AB000AF7860C1
:101AB0000B467B8007F1080316333B623B6A7B626F
:101AC0007A88124BA3FB0213D9080B469B000B44E8
:101AD0005B00D31A9BB2DBB27A6A013A7A62303386
:101AE000DAB27B6A1A707B88084AA2FB0323DB0800
:101AF0007B807B88002BE3D13A6A796A7868FFF7AC
:101B000001FF00BF2837BD4680BD00BFCDCCCCCC87
:101B100080B586B000AFF860381D80E806003B60F5
:101B20003B1D1846F0F707F80346002B01D00023B1
:101B300016E03B1D93E80600F868FDF79BFE786110
:101B40007B69002B04D07869F0F7E7F8034607E0DB
:101B50003B683A1D06CAF86800F048F8034600BF23
:101B600018461837BD4680BD90B583B000AF786089
:101B700039607868FBF7BFFB03461C683868FBF7E1
:101B8000BAFB03461B689C4234BF01230023DBB22F
:101B900018460C37BD4690BD80B584B000AF786064
:101BA00039607B681B68591C7A681160FB6007F11B
:101BB0000C0207F1080311461846FBF78CFBBB68C3
:101BC00018461037BD4680BD80B582B000AF786042
:101BD0000B46FB707B681B68FA781146184605F0C7
:101BE0004CFB012318460837BD4680BD80B586B042
:101BF00000AFF860381D80E806003B603968F8687F
:101C0000F0F777FD78613B683A1D06CA786900F005
:101C100015F8034683F00103DBB2002B05D0796988
:101C2000F868F0F7CFFD002304E07869F0F775F865
:101C3000034600BF18461837BD4680BD80B586B044
:101C400000AFF860381D80E806003B60FB68002BA1
:101C500001D100230DE007F11403F9681846F0F7ED
:101C600079FB7B693A1D06CA386800F006F803461E
:101C700000BF18461837BD4680BD90B587B002AF8B
:101C8000F860381D80E806003B603B1D1846EFF702
:101C90007FFF3B68009323463A1D06CAF86800F0B0
:101CA00005F8034618461437BD4690BD80B588B088
:101CB00000AFF860381D80E806003B70F8683B1DF7
:101CC00093E80600FBF7F3FCF8613B1D1846EFF7BD
:101CD00043FF024607F110000023F969EFF794FF74
:101CE00007F110030ECB07F12800FEF74FFDFB694B
:101CF000002B14BF01230023DBB218462037BD465A
:101D000080BD80B582B000AF78607B6803F6C813F1
:101D1000184605F028FA7B6803F51B63184605F0A2
:101D200022FA7B6803F59B631846F4F7D6FE7B68BE
:101D30001846F4F7D2FE7B6818460837BD4680BDCA
:101D400080B582B000AF78607B681846F4F78CFEEF
:101D50007B6818460837BD4680BD80B582B000AFAD
:101D600078607B681433184605F0FDF97B681846E7
:101D70000837BD4680BD80B582B000AF78607B6813
:101D800003F59273184605F0EEF97B6803F5867348
:101D9000184605F0E8F97B68F433184605F0E3F9D6
:101DA0007B686433184605F0DEF97B684C331846CF
:101DB00005F0D9F97B683433184605F0D4F97B680F
:101DC0001C33184605F0CFF97B680433184605F03C
:101DD000CAF97B6818460837BD4680BD80B582B019
:101DE00000AF78607B680433184605F0BCF97B6867
:101DF00018460837BD4680BD80B5CAB000AF07F5AC
:101E00009473A3F59273186007F59473A3F5947314
:101E1000196007F59473A3F592731B68012B40F0CA
:101E20008E8107F59473A3F594731B684FF6FF72C8
:101E3000934240F0848107F10803184605F03EF80C
:101E400007F108031A46D949D94805F0F3FC07F110
:101E50000803184605F034F807F10C03184605F09E
:101E60002DF807F10C031A46D249D34805F0E2FCDD
:101E700007F10C03184605F023F8D048FBF74FF89C
:101E80004FF48062CE49CF48F1F7F1FC4FF4006285
:101E9000CB49CD48F1F7EBFC1022CC49CC48F1F707
:101EA000E6FCCB4BC84AC749CA48F1F73BFDCA48D4
:101EB000FBF756F8C948FBF753F807F12803184613
:101EC00004F0FCFF07F1280207F11003C44918468B
:101ED00005F0B0FC07F110031A46C249C248F1F7F9
:101EE00000FE07F11003184605F03DF907F128033D
:101EF000184604F0E5FFBD49BD48F1F775FEBC4B3F
:101F0000B94AAE49BB48F4F7F9F907F1440318465A
:101F100004F0D4FF07F1440207F12C03B649184638
:101F200005F088FC07F12C020123A449B348F1F71E
:101F3000F1FB07F12C03184605F015F907F14403EE
:101F4000184604F0BDFF07F16003184604F0B6FF21
:101F500007F1600207F14803A949184605F06AFC39
:101F600007F1480201239549A648F1F7D3FB07F191
:101F70004803184605F0F7F807F16003184604F027
:101F80009FFF07F17C03184604F098FF07F17C02DD
:101F900007F164039C49184605F04CFC07F1640204
:101FA000002386499948F1F7B5FB07F16403184609
:101FB00005F0D9F807F17C03184604F081FF07F11A
:101FC0009803184604F07AFF07F1980207F180039E
:101FD0008F49184605F02EFC07F18002002377494F
:101FE0008C48F1F797FB07F18003184605F0BBF822
:101FF00007F19803184604F063FF07F1B40318468D
:1020000004F05CFF07F1B40207F19C038249184613
:1020100005F010FC07F19C02002368497F48F1F7A6
:1020200079FB07F19C03184605F09DF807F1B4030E
:10203000184604F045FF07F1D003184604F03EFFB0
:1020400007F1D00207F1B8037549184605F0F2FB15
:1020500007F1B802002359497248F1F75BFB07F119
:10206000B803184605F07FF807F1D003184604F0CE
:1020700027FF07F1EC03184604F020FF07F1EC02FC
:1020800007F1D4036849184605F0D4FB07F1D402E0
:1020900000234A496548F1F73DFB07F1D403184690
:1020A00005F061F807F1EC03184604F009FF07F5A5
:1020B0008473184604F002FF07F5847207F1F003F9
:1020C0005B49184605F0B6FB07F1F00200233B49D7
:1020D0005848F4F7DBFC07F1F003184605F043F825
:1020E00007F58473184604F0EBFE07F59273184663
:1020F00004F0E4FE07F5927207F586734E49184620
:1021000005F098FB07F5867200232C494B48F1F740
:1021100001FB07F58673184605F025F807F592735D
:10212000184604F0CDFE25494548F4F7E3FC80222B
:1021300044494548F1F79BFB444804F0E3FF07F5A9
:102140009473A3F592731B68002B40F0968007F5FB
:102150009473A3F594731B684FF6FF72934240F09B
:102160008C803A4804F0FFFF3548FFF7CAFD33483A
:10217000F4F77AFC2F48FFF7E3FD2C48F4F774FCE2
:102180002848F4F771FC2548F4F76EFC2148F4F771
:102190006BFC1E48F4F768FC1A48F4F765FC174816
:1021A000F4F762FC1348FFF7D8FD51E0707E010898
:1021B00010010020588A0108280100204401002055
:1021C000000400484C010020540100200008004891
:1021D0005C01002064010020740100207C010020CB
:1021E000648A0108040F0020840100208C0F002065
:1021F000A0010020DC020020688A010810030020F2
:102200006C8A010840030020788A010870030020CE
:10221000848A0108A0030020908A0108D0030020CE
:10222000988A010800040020AC8A010830040020CC
:10223000BC8A010860040020C48A010898040020B8
:10224000C8040020000C0048B00E0020B80E00208A
:102250000C48FFF790FD0C48FFF7C0FD0B4800F05D
:102260001FF80B4800F01CF80A4800F024F80A4850
:1022700004F079FF094804F076FF00BF07F5947772
:10228000BD4680BDA0010020840100207C0100200B
:1022900074010020440100202801002010010020CA
:1022A00080B483B000AF78607B6818460C37BD46B9
:1022B0005DF8047B704780B483B000AF78607B68C2
:1022C00018460C37BD465DF8047B704780B500AFFB
:1022D0004FF6FF710120FFF78FFD80BD80B500AF85
:1022E0004FF6FF710020FFF787FD80BD80B592B0EB
:1022F00000AF07F1340300221A605A609A60DA6076
:102300001A6100233B633B1D2C220021184605F077
:102310009FFC474B474A1A60454B00225A60444B8A
:102320007F229A60424BFF22DA60414B00221A6101
:102330003F4B00225A613E4B00229A613C4B0022E7
:10234000DA613B4803F03EFA0346002B01D0FAF76E
:102350005FF8002387F83430002387F835300023F6
:1023600087F8363000233B644FF480237B6407F109
:102370003403002219462E4803F0ACFA0346002B22
:1023800001D0FAF745F8012387F83030012387F8A8
:102390003130012387F83230002387F8333007F1DA
:1023A000300300221946224803F08DFB0346002B20
:1023B00001D0FAF72DF80C233B7100237B71002329
:1023C000BB710023BB6000233B614FF480237B6122
:1023D000194BBB6100233B624FF080437B620123BA
:1023E00087F828304FF48073FB623B1D00221946AA
:1023F0000F4803F03DFC0346002B01D0FAF708F824
:1024000000233B710023BB6100237B624FF4007308
:10241000FB623B1D00221946054803F029FC0346D8
:10242000002B01D0F9F7F4FF00BF4837BD4680BD4F
:10243000DC0E0020002800408000008080B59AB0AB
:1024400000AF786007F1080360220021184605F00C
:10245000FFFB7B681B68174A934227D14FF4003378
:10246000BB604FF480737B6607F10803184602F0E7
:102470006DFE0346002B01D0F9F7CAFF0E4BD3F8CF
:1024800090300D4A43F40043C2F8903000220021FE
:10249000032001F0DEFA032001F0F7FA0022002108
:1024A000292001F0D6FA292001F0EFFA00BF6837A1
:1024B000BD4680BD002800400010024080B582B0BB
:1024C00000AF144B1B6E134A43F001031366114B0C
:1024D0001B6E03F001037B607B680E4B9B6D0D4A06
:1024E00043F0805393650B4B9B6D03F080533B602F
:1024F0003B6800220021052001F0ABFA052001F025
:10250000C4FA00F00BFB022000F0F4FA00BF083719
:10251000BD4680BD0010024080B400AFFEE780B42D
:1025200000AFFEE780B400AFFEE780B400AFFEE787
:1025300080B400AFFEE780B400AF00BFBD465DF8D9
:10254000047B704780B400AF00BFBD465DF8047BDC
:10255000704780B400AF00BFBD465DF8047B704794
:1025600080B500AF00F082FA00BF80BD80B500AF3B
:10257000024803F023FF00BF80BD00BFDC0E002037
:1025800080B400AF00BFBD465DF8047B704780B5E6
:1025900000AF4FF4007001F09DFE00BF80BD000051
:1025A00080B500AF024803F05FFD00BF80BD00BFF3
:1025B000DC0E002080B400AF01231846BD465DF854
:1025C000047B704780B582B000AF7860396005F059
:1025D0009BFB034616221A604FF0FF33184608375C
:1025E000BD4680BD80B582B000AF78604FF0FF314E
:1025F0007868FFF7E7FFFEE780B586B000AF786048
:10260000144A154BD31A7B617B693B61134B1B68E2
:10261000002B02D1114B124A1A60104B1A687B68CA
:1026200013443A699A4207D205F06EFB03460C2226
:102630001A604FF0FF3309E0084B1B68FB60074B43
:102640001A687B681344054A1360FB6818461837FC
:10265000BD4680BD0000012000040000000F0020E6
:10266000F011002080B400AF064BD3F88830054A43
:1026700043F47003C2F8883000BFBD465DF8047BA8
:10268000704700BF00ED00E080B500AF124B134A69
:102690001A60114B4FF4E1325A600F4B00229A60DE
:1026A0000D4B0022DA600C4B00221A610A4B0C22FF
:1026B0005A61094B00229A61074B00221A62064BAD
:1026C00000225A62044803F09FFE0346002B01D00B
:1026D000F9F79EFE00BF80BD040F0020008000407F
:1026E00080B500AF144B154A1A60134B4FF4E1321A
:1026F0005A60114B00229A600F4B0022DA600E4B99
:1027000000221A610C4B0C225A610B4B00229A6179
:10271000094B0022DA61084B00221A62064B0022A4
:102720005A62054803F070FE0346002B01D0F9F70A
:102730006FFE00BF80BD00BF8C0F0020003801403D
:1027400080B500AF144B154A1A60134B4FF4E132B9
:102750005A60114B00229A600F4B0022DA600E4B38
:1027600000221A610C4B0C225A610B4B00229A6119
:10277000094B0022DA61084B00221A62064B002244
:102780005A62054803F040FE0346002B01D0F9F7DA
:102790003FFE00BF80BD00BF141000200044004079
:1027A00080B5A6B000AF786007F1840300221A60FC
:1027B0005A609A60DA601A6107F1240360220021EE
:1027C000184605F045FA7B681B68634A93423DD181
:1027D00020237B624FF480633B6507F12403184696
:1027E00002F0B4FC0346002B01D0F9F711FE5B4B5D
:1027F000DB6D5A4A43F00103D365584BDB6D03F0A0
:1028000001033B623B6A554BDB6C544A43F00103C6
:10281000D364524BDB6C03F00103FB61FB690C23B7
:10282000C7F884300223C7F888300023C7F88C30FB
:102830000323C7F890300823C7F8943007F18403C6
:1028400019464FF0904001F0B3FB80E07B681B68B5
:10285000434A93423BD101237B6201237B6407F10E
:102860002403184602F072FC0346002B01D0F9F74E
:10287000CFFD3A4B1B6E394A43F480431366374B06
:102880001B6E03F48043BB61BB69344BDB6C334A82
:1028900043F00203D364314BDB6C03F002037B6132
:1028A0007B69C023C7F884300223C7F8883000232F
:1028B000C7F88C300323C7F890300723C7F894304B
:1028C00007F184031946274801F072FB3FE07B685B
:1028D0001B68254A93423AD102237B620423BB64DE
:1028E00007F12403184602F031FC0346002B01D007
:1028F000F9F78EFD194B9B6D184A43F4003393652D
:10290000164B9B6D03F400333B613B69134BDB6C4F
:10291000124A43F00803D364104BDB6C03F0080346
:10292000FB60FB686023C7F884300223C7F8883057
:102930000023C7F88C300323C7F890300723C7F86B
:10294000943007F184031946084801F031FB00BFB9
:102950009837BD4680BD00BF008000400010024097
:10296000003801400004004800440040000C0048CA
:10297000DFF834D0FFF776FE0C480D490D4A0023EE
:1029800002E0D458C4500433C4188C42F9D30A4A24
:102990000A4C002301E013600432A242FBD305F08D
:1029A000B9F9F9F7F9FBFEE700000120000000206B
:1029B00080000020308F010880000020EC110020F2
:1029C000FEE780B582B000AF0023FB71032001F069
:1029D00035F80F2000F00EF80346002B02D001233B
:1029E000FB7101E0FFF76AFDFB7918460837BD4629
:1029F00080BD000080B584B000AF78600023FB7319
:102A0000174B1B78002B23D0164B1A68144B1B78DE
:102A100019464FF47A73B3FBF1F3B2FBF3F31846A4
:102A200001F041F80346002B0FD17B680F2B09D82A
:102A3000002279684FF0FF3001F00BF80A4A7B68FA
:102A4000136007E00123FB7304E00123FB7301E043
:102A50000123FB73FB7B18461037BD4680BD00BFCA
:102A60000C000020040000200800002080B400AF0B
:102A7000064B1B781A46064B1B681344044A136026
:102A800000BFBD465DF8047B704700BF0C0000200E
:102A90009C10002080B400AF034B1B681846BD4655
:102AA0005DF8047B704700BF9C10002080B584B0A7
:102AB00000AF7860FFF7EEFFB8607B68FB60FB68F3
:102AC000B3F1FF3F05D00A4B1B781A46FB6813444D
:102AD000FB6000BFFFF7DEFF0246BB68D31AFA684F
:102AE0009A42F7D800BF00BF1037BD4680BD00BF77
:102AF0000C00002080B483B000AF7860064B1B68E8
:102B000023F0020204497B6813430B6000BF0C37BB
:102B1000BD465DF8047B70473000014080B400AFD3
:102B2000054B1B68044A23F00103136000BFBD4638
:102B30005DF8047B704700BF3000014080B483B073
:102B400000AF786039607B689B6823F47C123B6837
:102B50001A437B689A6000BF0C37BD465DF8047B62
:102B6000704780B483B000AF786039607B689B6841
:102B700023F0E0723B681A437B689A6000BF0C3711
:102B8000BD465DF8047B704780B483B000AF7860C9
:102B90007B689B6803F0E07318460C37BD465DF810
:102BA000047B704780B487B000AFF860B9607A608A
:102BB0003B60FB6860331A46BB689B0013447B6133
:102BC0007B691A68084B13407A6802F0F8413A684A
:102BD0000A43134343F000427B691A6000BF1C376D
:102BE000BD465DF8047B704700F0FF0380B485B0FC
:102BF00000AF786039607B6860331A463B689B00A1
:102C00001344FB60FB681B6803F0F8431846143755
:102C1000BD465DF8047B704780B487B000AFF860B4
:102C2000B9607A60FB6860331A46BB689B00134446
:102C30007B617B691B6823F000427B681A437B69D8
:102C40001A6000BF1C37BD465DF8047B704780B436
:102C500087B000AFF860B9607A60FB6830331A461D
:102C6000BB681B0A9B0003F00C0313447B617B6968
:102C70001A68BB6803F01F031F2101FA03F3DB434B
:102C80001A407B689B0E03F01F01BB6803F01F0313
:102C900001FA03F31A437B691A6000BF1C37BD4673
:102CA0005DF8047B704780B487B000AFF860B9600E
:102CB0007A60FB6814331A46BB685B0E9B0003F016
:102CC000040313447B617B691A68BB681B0D03F026
:102CD0001F03072101FA03F3DB431A40BB681B0DF6
:102CE00003F01F03796801FA03F31A437B691A6042
:102CF00000BF1C37BD465DF8047B704780B485B0CB
:102D000000AFF860B9607A60FB68D3F8B020BB68A8
:102D1000C3F31203DB431A407B6803F0180308492E
:102D2000D940BB680B40C3F312031A43FB68C3F8D6
:102D3000B02000BF1437BD465DF8047B704700BF6C
:102D4000FFFF070080B483B000AF78607B689B68AA
:102D500023F0204323F03F037A68936000BF0C37D1
:102D6000BD465DF8047B704780B483B000AF7860E7
:102D70007B689B6803F00053B3F1005F01D101232E
:102D800000E0002318460C37BD465DF8047B704711
:102D900080B483B000AF78607B689B6823F01043F9
:102DA00023F03F0343F080527B689A6000BF0C37EA
:102DB000BD465DF8047B704780B483B000AF786097
:102DC0007B689B6803F08053B3F1805F01D10123DE
:102DD00000E0002318460C37BD465DF8047B7047C1
:102DE00080B483B000AF78607B689B6803F0010318
:102DF000012B01D1012300E0002318460C37BD460A
:102E00005DF8047B704780B483B000AF78607B6866
:102E10009B6803F00403042B01D1012300E000238D
:102E200018460C37BD465DF8047B704780B483B00C
:102E300000AF78607B689B6803F00803082B01D122
:102E4000012300E0002318460C37BD465DF8047BE3
:102E50007047000080B588B000AF78600023FB7732
:102E60000023FB607B68002B01D1012326E17B68F6
:102E70001B69002B7B685B6D002B09D17868EEF72E
:102E80009DF87B6800229A657B68002283F85020B9
:102E90007B681B681846FFF767FF0346002B04D0CA
:102EA0007B681B681846FFF74DFF7B681B68184658
:102EB000FFF782FF0346002B15D17B681B6818467D
:102EC000FFF766FF7F4B1B689B097F4AA2FB03232A
:102ED0009B0901335B00FB6002E0FB68013BFB6088
:102EE000FB68002BF9D17B681B681846FFF764FF6D
:102EF0000346002B0DD17B685B6D43F010027B68AD
:102F00005A657B689B6D43F001027B689A650123DB
:102F1000FB777B681B681846FFF775FF78617B6855
:102F20005B6D03F01003002B40F0BF807B69002B2A
:102F300040F0BB807B685B6D23F4817343F0020239
:102F40007B685A657B681B681846FFF749FF034694
:102F5000002B0BD15D48FFF743FF0346002B05D143
:102F60007B685B6819465A48FFF7E8FD7B685B7E23
:102F70005A037B685B6B1A437B68DB681A437B6888
:102F80009B681A437B6893F820301B041343BB6192
:102F90007B6893F82030012B06D17B685B6A013B8C
:102FA0005B04BA691343BB617B689B6A002B09D041
:102FB0007B689B6A03F470727B68DB6A1343BA69AF
:102FC0001343BB617B681B68DA68424B13407A6825
:102FD0001268B9690B43D3607B681B681846FFF71A
:102FE00025FF38617B69002B3DD13B69002B3AD12D
:102FF0007B681B7E9A037B6893F830305B00134339
:10300000BB617B681B68DB6823F4804323F0020309
:103010007A681268B9690B43D3607B6893F83830DB
:10302000012B18D17B681B681B6923F4FF6323F015
:1030300004037A68D16B7A68126C11437A68526C17
:1030400011437A68926C0A431A437B681B6842F00A
:1030500001021A6107E07B681B681A697B681B68BC
:1030600022F001021A617B681B69012B0CD17B687D
:103070001B681B6B23F00F017B68DB695A1E7B68A2
:103080001B680A431A6307E07B681B681A6B7B683E
:103090001B6822F00F021A637B685B6D23F0030349
:1030A00043F001027B685A6507E07B685B6D43F083
:1030B00010027B685A650123FB77FB7F1846203797
:1030C000BD4680BD04000020632D3E050000045075
:1030D0000003045007C0F0FF80B5B6B000AF7860C1
:1030E0003960002387F8D7300023BB607B6893F8F2
:1030F0005030012B01D10223BBE37B68012283F80E
:1031000050207B681B681846FFF77DFE0346002BA6
:1031100040F0A0833B685B68C7F8D0303B685B68D1
:10312000052B24D83B685B68023B032B1BD801A20C
:1031300052F823F0453101084D310108553101089D
:103140005D3101080C23C7F8D03010E01223C7F816
:10315000D0300CE01823C7F8D03008E04FF480736B
:10316000C7F8D03003E00623C7F8D03000BF7B6833
:1031700018683B681B681A46D7F8D010FFF767FD40
:103180007B681B681846FFF73EFEC7F8CC007B68DB
:103190001B681846FFF74AFEC7F8C800D7F8CC30BE
:1031A000002B40F0A481D7F8C830002B40F09F815D
:1031B0007B6818683B6819683B689B681A46FFF78C
:1031C00072FD3B685A697B681B68DB68DB0803F0AB
:1031D00003035B0002FA03F3C7F8C4303B681B69C2
:1031E000042B0AD07B6818683B6819693B681A6829
:1031F000D7F8C430FFF7D6FC79E17B681B68002163
:103200001846FFF7F3FC0346C3F31203002B0AD161
:103210007B681B6800211846FFF7E8FC03469B0EFD
:1032200003F01F021EE07B681B6800211846FFF7B1
:10323000DDFC0346C7F8B830D7F8B83093FAA3F3EB
:10324000C7F8B430D7F8B430C7F8BC30D7F8BC30C2
:10325000002B01D1202304E0D7F8BC30B3FA83F36C
:10326000DBB21A463B681B68C3F31203002B05D17F
:103270003B681B689B0E03F01F0318E03B681B684C
:10328000C7F8AC30D7F8AC3093FAA3F3C7F8A8303E
:10329000D7F8A830C7F8B030D7F8B030002B01D13C
:1032A000202304E0D7F8B030B3FA83F3DBB29A42BC
:1032B00006D17B681B68002200211846FFF7ACFC92
:1032C0007B681B6801211846FFF790FC0346C3F397
:1032D0001203002B0AD17B681B6801211846FFF7F7
:1032E00085FC03469B0E03F01F021EE07B681B68F3
:1032F00001211846FFF77AFC0346C7F8A030D7F83B
:10330000A03093FAA3F3C7F89C30D7F89C30C7F8E5
:10331000A430D7F8A430002B01D1202304E0D7F843
:10332000A430B3FA83F3DBB21A463B681B68C3F3DD
:103330001203002B05D13B681B689B0E03F01F0393
:1033400018E03B681B68C7F89430D7F8943093FABC
:10335000A3F3C7F89030D7F89030C7F89830D7F873
:103360009830002B01D1202304E0D7F89830B3FA2D
:1033700083F3DBB29A4206D17B681B6800220121ED
:103380001846FFF749FC7B681B6802211846FFF7C7
:103390002DFC0346C3F31203002B0AD17B681B6884
:1033A00002211846FFF722FC03469B0E03F01F0282
:1033B0001EE07B681B6802211846FFF717FC0346D6
:1033C000C7F88830D7F8883093FAA3F3C7F8843069
:1033D000D7F88430C7F88C30D7F88C30002B01D167
:1033E000202304E0D7F88C30B3FA83F3DBB21A461B
:1033F0003B681B68C3F31203002B05D13B681B68B5
:103400009B0E03F01F0314E03B681B68FB67FB6F18
:1034100093FAA3F3BB67BB6FC7F88030D7F880304F
:10342000002B01D1202304E0D7F88030B3FA83F3D6
:10343000DBB29A4206D17B681B6800220221184643
:10344000FFF7EAFB7B681B6803211846FFF7CEFBFA
:103450000346C3F31203002B0AD17B681B680321C8
:103460001846FFF7C3FB03469B0E03F01F0217E04D
:103470007B681B6803211846FFF7B8FB03463B67D0
:103480003B6F93FAA3F3FB66FB6E7B677B6F002BAE
:1034900001D1202303E07B6FB3FA83F3DBB21A463A
:1034A0003B681B68C3F31203002B05D13B681B6804
:1034B0009B0E03F01F0311E03B681B687B667B6E6D
:1034C00093FAA3F33B663B6EBB66BB6E002B01D148
:1034D000202303E0BB6EB3FA83F3DBB29A4206D13A
:1034E0007B681B68002203211846FFF795FB7B6869
:1034F0001B681846FFF774FC0346002B40F0408120
:103500007B6818683B6819683B68DB681A46FFF7F8
:10351000F5FB3B68DB688F4A934240F031817B6862
:1035200018683B681B68C3F31203002B0BD13B6880
:103530001B689B0E013303F01F03092B94BF01236B
:103540000023DBB219E03B681B68BB65BB6D93FAD7
:10355000A3F37B657B6DFB65FB6D002B01D1202305
:1035600003E0FB6DB3FA83F3DBB2013303F01F0317
:10357000092B94BF01230023DBB2002B79D03B68D9
:103580001B68C3F31203002B07D13B681B689B0E1B
:1035900001339B0603F0F84215E03B681B68FB64AF
:1035A000FB6C93FAA3F3BB64BB6C3B653B6D002BD8
:1035B00001D1202303E03B6DB3FA83F3DBB2013387
:1035C0009B0603F0F8423B681B68C3F31203002B11
:1035D00009D13B681B689B0E013303F01F030121D7
:1035E00001FA03F317E03B681B683B643B6C93FAFA
:1035F000A3F3FB63FB6B7B647B6C002B01D120236B
:1036000003E07B6CB3FA83F3DBB2013303F01F03F7
:10361000012101FA03F342EA03013B681B68C3F38B
:103620001203002B0AD13B681B689B0E013303F089
:103630001F0213465B0013441B0518E03B681B6820
:103640007B637B6B93FAA3F33B633B6BBB63BB6B0B
:10365000002B01D1202303E0BB6BB3FA83F3DBB271
:10366000013303F01F0213465B0013441B050B4399
:1036700081E03B681B68C3F31203002B07D13B6852
:103680001B689B0E01339B0603F0F84215E03B6874
:103690001B68BB62BB6A93FAA3F37B627B6AFB6223
:1036A000FB6A002B01D1202303E0FB6AB3FA83F30A
:1036B000DBB201339B0603F0F8423B681B68C3F39F
:1036C0001203002B09D13B681B689B0E013303F0EA
:1036D0001F03012101FA03F317E03B681B68FB613C
:1036E000FB6993FAA3F3BB61BB693B623B6A002BA6
:1036F00001D1202303E03B6AB3FA83F3DBB2013349
:1037000003F01F03012101FA03F342EA03013B68BE
:103710001B68C3F31203002B0DD13B681B689B0E83
:10372000013303F01F0213465B0013441E3B1B05CD
:1037300043F000731EE03B681B683B613B6993FAF2
:10374000A3F3FB60FB687B617B69002B04D1202322
:1037500006E000BF00007F407B69B3FA83F3DBB271
:10376000013303F01F0213465B0013441E3B1B058D
:1037700043F000730B433A6892681946FFF793FAD7
:103780003B681A683D4B1340002B6CD03C48FFF758
:10379000FBF9C7F8C0003B681B683A4A934227D13F
:1037A000D7F8C03003F40003002B21D17B681B68DD
:1037B000354A934257D1D7F8C03043F40003194635
:1037C0002F48FFF7CEF9314B1B689B09304AA2FB0B
:1037D00003239B095A1C13465B0013449B00BB60E8
:1037E00002E0BB68013BBB60BB68002BF9D13AE04B
:1037F0003B681B68274A934213D1D7F8C03003F0C7
:103800008073002B0DD17B681B681F4A93422AD11D
:10381000D7F8C03043F0807319461948FFF7A1F973
:1038200021E03B681B681C4A93421CD1D7F8C0308A
:1038300003F48003002B16D17B681B68124A934265
:1038400011D1D7F8C03043F4800319460C48FFF774
:1038500088F908E07B685B6D43F020027B685A655D
:10386000012387F8D7307B68002283F8502097F82F
:10387000D7301846D837BD4680BD00BF000008804D
:1038800000030450000052C7000004500400002050
:10389000632D3E05000084CB0100008080B485B01C
:1038A00000AF78607B6803F00703FB600C4BDB68BC
:1038B000BB60BA684FF6FF031340BB60FB681A0297
:1038C000BB68134343F0BF6343F40033BB60044A57
:1038D000BB68D36000BF1437BD465DF8047B7047FA
:1038E00000ED00E080B400AF044BDB681B0A03F07E
:1038F00007031846BD465DF8047B704700ED00E005
:1039000080B483B000AF0346FB7197F90730002BFA
:103910000BDBFB7903F01F02074997F907305B09BE
:10392000012000FA02F241F8232000BF0C37BD4607
:103930005DF8047B704700BF00E100E080B483B015
:1039400000AF03463960FB7197F90730002B0ADBA3
:103950003B68DAB20C4997F907301201D2B20B4436
:1039600083F800230AE03B68DAB20849FB7903F0E8
:103970000F03043B1201D2B20B441A7600BF0C377E
:10398000BD465DF8047B704700E100E000ED00E01B
:1039900080B489B000AFF860B9607A60FB6803F06A
:1039A0000703FB61FB69C3F10703042B28BF042352
:1039B000BB61FB690433062B02D9FB69033B00E0C2
:1039C00000237B614FF0FF32BB6902FA03F3DA4355
:1039D000BB681A407B699A404FF0FF317B6901FA5E
:1039E00003F3D9437B680B40134318462437BD4685
:1039F0005DF8047B7047000080B582B000AF78604E
:103A00007B68013BB3F1807F01D301230FE00A4AB9
:103A10007B68013B53600F214FF0FF30FFF78EFFB3
:103A2000054B00229A60044B07221A6000231846B7
:103A30000837BD4680BD00BF10E000E080B582B011
:103A400000AF78607868FFF729FF00BF0837BD46F0
:103A500080BD80B586B000AF0346B9607A60FB7365
:103A600000237B61FFF73EFF78617A68B968786967
:103A7000FFF78EFF024697F90F3011461846FFF701
:103A80005DFF00BF1837BD4680BD80B582B000AF76
:103A90000346FB7197F907301846FFF731FF00BF67
:103AA0000837BD4680BD80B582B000AF78607868C9
:103AB000FFF7A2FF034618460837BD4680BD000049
:103AC00080B586B000AFF860B960C7E90023002375
:103AD0003B612F4B1B78012B01D1022353E02C4B70
:103AE00001221A704CF2503000F088F80346FB7542
:103AF000FB7D002B43D1264B00225A60254B1B68CF
:103B000003F48063002B09D0224B1B68214A23F465
:103B1000806313601E4B02221A7702E01C4B0022C6
:103B20001A77FB68002B07D1D7E90023B86800F0AB
:103B3000BDF801233B6110E0FB68012B02D0FB685C
:103B4000022B0AD13B681946B86800F0D5F8FB682B
:103B5000022B02D14FF480233B614CF2503000F035
:103B60004DF80346FB753B69002B06D0094B5A699B
:103B70003B69DB43074913404B6100F0CFF9044B2D
:103B800000221A70FB7D18461837BD4680BD00BF65
:103B9000100000200020024080B483B000AF00235A
:103BA000FB710B4B5B69002B0BDA094B094A9A60DE
:103BB000074B094A9A60064B5B69002B01DA012327
:103BC000FB71FB7918460C37BD465DF8047B7047E6
:103BD0000020024023016745AB89EFCD80B400AFE0
:103BE000054B5B69044A43F00043536100231846C8
:103BF000BD465DF8047B70470020024080B584B06C
:103C000000AF7860FEF746FFF8600DE07B68B3F127
:103C1000FF3F09D0FEF73EFF0246FB68D31A7A68E1
:103C20009A4201D8032336E01D4B1B6903F480330D
:103C3000002BEBD11A4B1A691A4B1340BB60BB68BF
:103C4000002B1ED0184B5A68BB681343164A5360AA
:103C5000BB6803F04043002B07D0114B9A69BB6847
:103C600003F040430E4913438B61BB6823F040438C
:103C7000002B04D00A4ABB6823F0404313610123A0
:103C800009E0074B1B6903F00103002B02D0044B32
:103C900001221A61002318461037BD4680BD00BFBF
:103CA00000200240FAC302001000002080B485B05A
:103CB00000AFF860C7E900230E4B5B690D4A43F083
:103CC00001035361FB683A681A60BFF36F8F00BF4E
:103CD000D7E900014FF000024FF000030A00002373
:103CE000F968043113460B6000BF1437BD465DF818
:103CF000047B70470020024080B489B000AF786038
:103D000039604023FB777B68BB613B687B61144B68
:103D10005B69134A43F480235361EFF31083FB6024
:103D2000FB683B6172B600BF7B691A68BB691A60A9
:103D3000BB690433BB617B6904337B61FB7F013B5F
:103D4000FB77FB7F002BEFD13B69BB60BB6883F344
:103D5000108800BF00BF2437BD465DF8047B704764
:103D60000020024080B584B000AF78603960484BD5
:103D70001B78012B01D1022385E0454B01221A70EB
:103D80004CF25030FFF73AFF0346FB73FB7B002BEE
:103D900075D13F4B00225A603E4B1B6803F4007301
:103DA000002B13D03B4B1B6803F48063002B09D01E
:103DB000384B1B68374A23F480631360344B03226B
:103DC0001A7716E0324B01221A7712E0314B1B684A
:103DD00003F48063002B09D02E4B1B682D4A23F47B
:103DE000806313602A4B02221A7702E0284B0022DC
:103DF0001A777B681B68012B11D17B685B681846BA
:103E000000F04AF84CF25030FFF7F8FE0346FB731F
:103E1000204B5B691F4A23F0040353612DE03B688C
:103E20004FF0FF321A607B689B68BB601DE07B68C7
:103E30005B681946B86800F04DF84CF25030FFF757
:103E4000DDFE0346FB73134B5B69124A23F47E735A
:103E500023F002035361FB7B002B03D03B68BA685D
:103E60001A600AE0BB680133BB607B689A687B68B4
:103E7000DB681344BA689A42D9D300F04FF8044B78
:103E800000221A70FB7B18461037BD4680BD00BF6C
:103E9000100000200020024080B483B000AF7860A2
:103EA0007B6803F00103002B05D0094B5B69084ACE
:103EB00043F004035361064B5B69054A43F48033C6
:103EC000536100BF0C37BD465DF8047B704700BFEF
:103ED0000020024080B483B000AF786039600E4BA0
:103EE0005B6923F47E727B68DB0003F4FF630A499D
:103EF00013434B61084B5B69074A43F0020353616C
:103F0000054B5B69044A43F48033536100BF0C37AF
:103F1000BD465DF8047B70470020024080B483B04A
:103F200000AF214B1B7FFB71FB79012B02D0FB798A
:103F3000032B17D11D4B1B681C4A23F4007313601D
:103F40001A4B1B68194A43F400631360174B1B6834
:103F5000164A23F400631360144B1B68134A43F49E
:103F600000731360FB79022B02D0FB79032B11D174
:103F70000E4B1B680D4A43F4805313600B4B1B68B8
:103F80000A4A23F480531360084B1B68074A43F422
:103F900080631360044B00221A7700BF0C37BD46C4
:103FA0005DF8047B704700BF100000200020024035
:103FB00080B487B000AF7860396000237B6154E142
:103FC0003B681A6801217B6901FA03F31340FB6027
:103FD000FB68002B00F046813B685B6803F003033D
:103FE000012B05D03B685B6803F00303022B30D143
:103FF0007B689B683B617B695B00032202FA03F3E9
:10400000DB433A6913403B613B68DA687B695B00DC
:1040100002FA03F33A6913433B617B683A699A6099
:104020007B685B683B6101227B6902FA03F3DB4337
:104030003A6913403B613B685B681B0903F001026E
:104040007B6902FA03F33A6913433B617B683A697F
:104050005A603B685B6803F00303032B17D07B684F
:10406000DB683B617B695B00032202FA03F3DB43FD
:104070003A6913403B613B689A687B695B0002FACE
:1040800003F33A6913433B617B683A69DA603B6842
:104090005B6803F00303022B23D17B69DA087B689A
:1040A000083253F822303B617B6903F007039B0021
:1040B0000F2202FA03F3DB433A6913403B613B688A
:1040C0001A697B6903F007039B0002FA03F33A695C
:1040D00013433B617B69DA087B680832396943F82E
:1040E00022107B681B683B617B695B00032202FA3C
:1040F00003F3DB433A6913403B613B685B6803F0C1
:1041000003027B695B0002FA03F33A6913433B61E4
:104110007B683A691A603B685B6803F44033002BA4
:1041200000F0A080584B1B6E574A43F00103136602
:10413000554B1B6E03F00103BB60BB68534A7B69A0
:104140009B08023352F823303B617B6903F0030381
:104150009B000F2202FA03F3DB433A6913403B61F1
:104160007B68B3F1904F19D07B68494A934213D0D2
:104170007B68484A93420DD07B68474A934207D0F8
:104180007B68464A934201D1042308E0072306E0F6
:10419000032304E0022302E0012300E000237A6904
:1041A00002F00302920093403A6913433B6137499E
:1041B0007B699B0802333A6941F82320384B9B689E
:1041C0003B61FB68DB433A6913403B613B685B68DA
:1041D00003F48013002B03D03A69FB6813433B615F
:1041E0002F4A3B6993602E4BDB683B61FB68DB43E6
:1041F0003A6913403B613B685B6803F40013002B92
:1042000003D03A69FB6813433B61254A3B69D3609D
:10421000234B5B683B61FB68DB433A6913403B61BE
:104220003B685B6803F40033002B03D03A69FB68FA
:1042300013433B611A4A3B695360194B1B683B614E
:10424000FB68DB433A6913403B613B685B6803F4FE
:104250008033002B03D03A69FB6813433B61104A5B
:104260003B6913607B6901337B613B681A687B693A
:1042700022FA03F3002B7FF4A3AE00BF00BF1C376C
:10428000BD465DF8047B704700100240000001400D
:104290000004004800080048000C004800100048D6
:1042A0000004014080B483B000AF78600B467B808F
:1042B00013467B707B78002B03D07A887B689A61E9
:1042C00002E07A887B689A6200BF0C37BD465DF8D1
:1042D000047B704780B582B000AF0346FB80084B7B
:1042E0005A69FB881340002B06D0054AFB885361AE
:1042F000FB88184600F006F800BF0837BD4680BDB1
:104300000004014080B483B000AF0346FB8000BFCF
:104310000C37BD465DF8047B704780B584B000AFB4
:1043200078607B68002B01D1012341E07B681B682A
:104330004CF6CC421A607B681B6845F255521A60F5
:104340007B681B687A6852685A607B681B687A6869
:1043500092689A60FEF79EFBF8600FE0FEF79AFB0A
:104360000246FB68D31A312B08D97B681B68DB68CF
:1043700003F00703002B01D0032319E07B681B68BF
:10438000DB6803F00703002BE8D17B681B681A6920
:104390007B68DB689A4205D07B681B687A68D268C4
:1043A0001A6104E07B681B684AF6AA221A6000239F
:1043B00018461037BD4680BD80B483B000AF78602A
:1043C0007B681B684AF6AA221A60002318460C373D
:1043D000BD465DF8047B704780B400AF054B1B6899
:1043E000044A43F48073136000BFBD465DF8047B4C
:1043F000704700BF0070004080B400AF054B1B69E0
:10440000044A23F00203136100BFBD465DF8047B3C
:10441000704700BF00ED00E080B400AF044B1B68A4
:1044200003F4C0631846BD465DF8047B704700BFC7
:104430000070004080B485B000AF78607B68B3F551
:10444000007F30D1234B1B6803F4C063B3F5007FBA
:1044500038D0204B1B6823F4C0631E4A43F400731A
:1044600013601D4B1B68322202FB03F31B4AA2FBA5
:1044700003239B0C0133FB6002E0FB68013BFB6004
:10448000144B5B6903F48063B3F5806F02D1FB6862
:10449000002BF2D10F4B5B6903F48063B3F5806F9F
:1044A00010D103230FE00B4B1B6803F4C063B3F57B
:1044B000806F07D0074B1B6823F4C063054A43F4A1
:1044C00080631360002318461437BD465DF8047BF3
:1044D000704700BF007000400400002083DE1B43D3
:1044E00080B588B000AF78607B68002B02D10123D3
:1044F00000F002BC964B9B6803F00C03BB61944B2D
:10450000DB6803F003037B617B681B6803F0100327
:10451000002B00F0E480BB69002B07D0BB690C2B9B
:1045200040F08B807B69012B40F08780884B1B68B3
:1045300003F00203002B05D07B689B69002B01D19F
:104540000123D9E37B681A6A814B1B6803F00803D7
:10455000002B04D07E4B1B6803F0F00305E07C4B7E
:10456000D3F894301B0903F0F003934223D27B6805
:104570001B6A184600F08AFD0346002B01D0012378
:10458000BAE3734B1B68724A43F008031360704B25
:104590001B6823F0F0027B681B6A6D4913430B60B4
:1045A0006B4B5B6823F47F427B68DB691B026849C5
:1045B00013434B6025E0664B1B68654A43F00803D4
:1045C0001360634B1B6823F0F0027B681B6A604931
:1045D00013430B605E4B5B6823F47F427B68DB69AF
:1045E0001B025B4913434B60BB69002B09D17B68FD
:1045F0001B6A184600F04AFD0346002B01D0012338
:104600007AE300F081FC0246514B9B681B0903F0E2
:104610000F035049CB5C03F01F0322FA03F34E4A09
:1046200013604E4B1B681846FEF7E4F90346FB7314
:10463000FB7B002B52D0FB7B5EE37B689B69002BEE
:1046400032D0434B1B68424A43F001031360FEF72C
:1046500021FA386108E0FEF71DFA02463B69D31AD9
:10466000022B01D9032347E3394B1B6803F00203F4
:10467000002BF0D0364B1B68354A43F0080313601B
:10468000334B1B6823F0F0027B681B6A30491343ED
:104690000B602F4B5B6823F47F427B68DB691B0256
:1046A0002B4913434B601AE0294B1B68284A23F01F
:1046B00001031360FEF7EEF9386108E0FEF7EAF94E
:1046C00002463B69D31A022B01D9032314E3204B82
:1046D0001B6803F00203002BF0D100E000BF7B68F1
:1046E0001B6803F00103002B73D0BB69082B05D0B6
:1046F000BB690C2B0ED17B69032B0BD1144B1B68B0
:1047000003F40033002B63D07B685B68002B5FD120
:104710000123F1E27B685B68B3F5803F06D10C4B67
:104720001B680B4A43F48033136025E07B685B68A9
:10473000B3F5A02F14D1064B1B68054A43F4802320
:104740001360034B1B68024A43F48033136013E089
:1047500000100240F88C010804000020080000202E
:10476000A04B1B689F4A23F4803313609D4B1B684A
:104770009C4A23F4802313607B685B68002B13D072
:10478000FEF788F9386108E0FEF784F902463B69D4
:10479000D31A642B01D90323AEE2924B1B6803F4B6
:1047A0000033002BF0D014E0FEF774F9386108E014
:1047B000FEF770F902463B69D31A642B01D9032333
:1047C0009AE2884B1B6803F40033002BF0D100E021
:1047D00000BF7B681B6803F00203002B60D0BB693D
:1047E000042B05D0BB690C2B19D17B69022B16D188
:1047F0007C4B1B6803F48063002B05D07B68DB686F
:10480000002B01D1012377E2764B5B6823F0F8524D
:104810007B681B691B06734913434B6040E07B6850
:10482000DB68002B23D06F4B1B686E4A43F4807308
:104830001360FEF72FF9386108E0FEF72BF9024606
:104840003B69D31A022B01D9032355E2654B1B6840
:1048500003F48063002BF0D0624B5B6823F0F852C6
:104860007B681B691B065F4913434B6018E05D4B77
:104870001B685C4A23F480731360FEF70BF9386100
:1048800008E0FEF707F902463B69D31A022B01D96B
:10489000032331E2534B1B6803F48063002BF0D1F8
:1048A0007B681B6803F00803002B3CD07B685B69C6
:1048B000002B1CD04B4BD3F894304A4A43F00103F1
:1048C000C2F89430FEF7E6F8386108E0FEF7E2F847
:1048D00002463B69D31A022B01D903230CE2414B58
:1048E000D3F8943003F00203002BEFD01BE03D4BD4
:1048F000D3F894303B4A23F00103C2F89430FEF71A
:10490000C9F8386108E0FEF7C5F802463B69D31ADA
:10491000022B01D90323EFE1324BD3F8943003F09B
:104920000203002BEFD17B681B6803F00403002B0C
:1049300000F0A6800023FB772A4B9B6D03F0805389
:10494000002B0DD1274B9B6D264A43F08053936576
:10495000244B9B6D03F08053BB60BB680123FB7746
:10496000214B1B6803F48073002B18D11E4B1B686E
:104970001D4A43F480731360FEF78CF8386108E039
:10498000FEF788F802463B69D31A022B01D90323AC
:10499000B2E1154B1B6803F48073002BF0D07B68E9
:1049A0009B68012B08D10F4BD3F890300D4A43F090
:1049B0000103C2F8903029E07B689B68052B15D174
:1049C000084BD3F89030074A43F00403C2F8903004
:1049D000044BD3F89030034A43F00103C2F89030FF
:1049E00014E000BF00100240007000409A4BD3F862
:1049F0009030994A23F00103C2F89030964BD3F8D7
:104A00009030954A23F00403C2F890307B689B688D
:104A1000002B16D0FEF73EF838610AE0FEF73AF8B0
:104A200002463B69D31A41F28832934201D90323EB
:104A300062E1894BD3F8903003F00203002BEDD0F4
:104A400015E0FEF727F838610AE0FEF723F8024682
:104A50003B69D31A41F28832934201D903234BE1D7
:104A60007D4BD3F8903003F00203002BEDD1FB7F98
:104A7000012B05D1784B9B6D774A23F080539365CA
:104A80007B681B6803F02003002B3CD07B685B6ACB
:104A9000002B1CD0704BD3F898306F4A43F00103C1
:104AA000C2F89830FDF7F6FF386108E0FDF7F2FF35
:104AB00002463B69D31A022B01D903231CE1664B42
:104AC000D3F8983003F00203002BEFD01BE0624BC9
:104AD000D3F89830604A23F00103C2F89830FDF70C
:104AE000D9FF386108E0FDF7D5FF02463B69D31ACC
:104AF000022B01D90323FFE0574BD3F8983003F082
:104B00000203002BEFD17B689B6A002B00F0F3803F
:104B10007B689B6A022B40F0C9804F4BDB687B614E
:104B20007B6903F003027B68DB6A9A422CD17B69C4
:104B300003F070027B681B6B013B1B019A4223D17F
:104B40007B6903F4FE427B685B6B1B029A421BD1BC
:104B50007B6903F078427B689B6BDB069A4213D13A
:104B60007B6903F4C0027B68DB6B5B08013B5B0580
:104B70009A4209D17B6903F0C0627B681B6C5B08B9
:104B8000013B5B069A426BD0BB690C2B62D0324B67
:104B90001B6803F08063002B01D00123ACE02E4B97
:104BA0001B682D4A23F080731360FDF773FF386193
:104BB00008E0FDF76FFF02463B69D31A022B01D9CB
:104BC000032399E0244B1B6803F00073002BF0D102
:104BD000214BDA68214B13407A68D16A7A68126BEC
:104BE000013A120111437A68526B120211437A683A
:104BF000D26B5208013A520511437A68126C52087E
:104C0000013A520611437A68926BD2060A4312495E
:104C10001343CB60104B1B680F4A43F08073136043
:104C20000D4BDB680C4A43F08073D360FDF732FF15
:104C3000386108E0FDF72EFF02463B69D31A022BCC
:104C400001D9032358E0044B1B6803F00073002BC9
:104C5000F0D050E001234FE0001002408C809D0115
:104C6000274B1B6803F00073002B44D1244B1B68B7
:104C7000234A43F080731360214BDB68204A43F0E2
:104C80008073D360FDF706FF386108E0FDF702FF8F
:104C900002463B69D31A022B01D903232CE0184B9F
:104CA0001B6803F00073002BF0D024E0BB690C2BD1
:104CB0001FD0134B1B68124A23F080731360FDF75B
:104CC000E9FE386108E0FDF7E5FE02463B69D31ACC
:104CD000022B01D903230FE0094B1B6803F000737B
:104CE000002BF0D1064BDA680549064B1340CB6028
:104CF00001E0012300E0002318462037BD4680BDB7
:104D000000100240FCFFEEFE80B584B000AF78607A
:104D100039607B68002B01D10123E7E0754B1B68EC
:104D200003F007033A689A4210D9724B1B6823F0CC
:104D3000070270493B6813430B606E4B1B6803F01E
:104D400007033A689A4201D00123CFE07B681B68D1
:104D500003F00203002B10D07B689A68664B9B68B7
:104D600003F0F0039A4208D9634B9B6823F0F002EA
:104D70007B689B68604913438B607B681B6803F00A
:104D80000103002B4CD07B685B68032B07D15A4B87
:104D90001B6803F00073002B21D10123A6E07B6880
:104DA0005B68022B07D1544B1B6803F40033002BC4
:104DB00015D101239AE07B685B68002B07D14E4B2D
:104DC0001B6803F00203002B09D101238EE04A4B3C
:104DD0001B6803F48063002B01D1012386E0464B5E
:104DE0009B6823F003027B685B68434913438B6035
:104DF000FDF750FEF8600AE0FDF74CFE0246FB6846
:104E0000D31A41F28832934201D903236EE03A4B20
:104E10009B6803F00C027B685B689B009A42EBD1B5
:104E20007B681B6803F00203002B10D07B689A6834
:104E3000314B9B6803F0F0039A4208D22E4B9B68DB
:104E400023F0F0027B689B682B4913438B60294B4E
:104E50001B6803F007033A689A4210D2254B1B687F
:104E600023F0070223493B6813430B60214B1B6867
:104E700003F007033A689A4201D0012336E07B68C9
:104E80001B6803F00403002B08D01B4B9B6823F422
:104E9000E0627B68DB68184913438B607B681B68A2
:104EA00003F00803002B09D0134B9B6823F46052D6
:104EB0007B681B69DB00104913438B6000F024F80A
:104EC00002460D4B9B681B0903F00F030B49CB5C9B
:104ED00003F01F0322FA03F3094A1360094B1B680E
:104EE0001846FDF787FD0346FB72FB7A184610371C
:104EF000BD4680BD0020024000100240F88C010831
:104F0000040000200800002080B489B000AF002316
:104F1000FB610023BB613E4B9B6803F00C033B61CC
:104F20003B4BDB6803F00303FB603B69002B05D0C0
:104F30003B690C2B21D1FB68012B1ED1344B1B6824
:104F400003F00803002B07D1314BD3F894301B0A30
:104F500003F00F03FB6105E02D4B1B681B0903F0F9
:104F60000F03FB612B4AFB6952F82330FB613B695D
:104F7000002B0DD1FB69BB610AE03B69042B02D118
:104F8000254BBB6104E03B69082B01D1224BBB617F
:104F90003B690C2B34D11E4BDB6803F00303BB6071
:104FA000BB68022B03D0BB68032B03D005E01A4B70
:104FB0007B6105E0184B7B6102E0FB697B6100BF10
:104FC000134BDB681B0903F0070301337B60104BB5
:104FD000DB681B0A03F07F037A6903FB02F27B683C
:104FE000B2FBF3F37B610A4BDB685B0E03F0030358
:104FF00001335B003B607A693B68B2FBF3F3BB6152
:10500000BB6918462437BD465DF8047B704700BF76
:1050100000100240108D01080024F40080B400AF9D
:10502000034B1B681846BD465DF8047B704700BF04
:105030000400002080B500AFFFF7F0FF0246064BEA
:105040009B681B0A03F007030449CB5C03F01F03B2
:1050500022FA03F3184680BD00100240088D0108B3
:1050600080B500AFFFF7DAFF0246064B9B68DB0A0C
:1050700003F007030449CB5C03F01F0322FA03F398
:10508000184680BD00100240088D010880B586B02A
:1050900000AF786000233B612A4B9B6D03F0805387
:1050A000002B03D0FFF7B8F9786114E0254B9B6D16
:1050B000244A43F080539365224B9B6D03F0805349
:1050C000FB60FB68FFF7A8F978611E4B9B6D1D4ADA
:1050D00023F0805393657B69B3F5007F0BD17B6828
:1050E000802B19D97B68A02B02D902233B6113E0E6
:1050F00001233B6110E07B68802B02D903233B61D5
:105100000AE07B68802B02D102233B6104E07B68CC
:10511000702B01D101233B610B4B1B6823F007026D
:1051200009493B6913430B60074B1B6803F00703F6
:105130003A699A4201D0012300E00023184618374B
:10514000BD4680BD001002400020024080B586B000
:1051500000AF78600023FB740023BB747B681B687E
:1051600003F40063002B31D07B685B6CB3F5400F18
:105170001AD0B3F5400F14D8002B09D0B3F5000FA7
:105180000FD15D4BDB685C4A43F48033D3600CE0A5
:105190007B6804330021184600F022FA0346FB74B2
:1051A00003E00123FB7400E000BFFB7C002B0BD16C
:1051B000514BD3F8883023F440027B685B6C4E4936
:1051C0001343C1F8883001E0FB7CBB747B681B682B
:1051D00003F40033002B00F09E8000237B74464BC9
:1051E0009B6D03F08053002B01D1012300E00023CD
:1051F000002B0DD0404B9B6D3F4A43F0805393658D
:105200003D4B9B6D03F08053BB60BB6801237B74F7
:105210003A4B1B68394A43F480731360FDF73AFC3C
:10522000F86009E0FDF736FC0246FB68D31A022B52
:1052300002D90323FB7405E0304B1B6803F4807331
:10524000002BEFD0FB7C002B5AD12B4BD3F89030A6
:1052500003F440737B617B69002B1ED07B68DB6DA0
:105260007A699A4219D0244BD3F8903023F44073D2
:105270007B61214BD3F890301F4A43F48033C2F84E
:1052800090301D4BD3F890301B4A23F48033C2F882
:105290009030194A7B69C2F890307B6903F00103B2
:1052A000002B16D0FDF7F6FBF8600BE0FDF7F2FBE4
:1052B0000246FB68D31A41F28832934202D9032393
:1052C000FB7406E00C4BD3F8903003F00203002B84
:1052D000ECD0FB7C002B0BD1074BD3F8903023F4A0
:1052E00040727B68DB6D04491343C1F8903009E0DC
:1052F000FB7CBB7406E000BF001002400070004061
:10530000FB7CBB747B7C012B05D18D4B9B6D8C4A48
:1053100023F0805393657B681B6803F00103002B27
:105320000AD0874BD3F8883023F003027B681B6ACE
:1053300083491343C1F888307B681B6803F002037C
:10534000002B0AD07E4BD3F8883023F00C027B6808
:105350005B6A7B491343C1F888307B681B6803F0A4
:105360000403002B0AD0764BD3F8883023F03002A8
:105370007B689B6A72491343C1F888307B681B685D
:1053800003F02003002B0AD06D4BD3F8883023F4B0
:1053900040627B68DB6A6A491343C1F888307B68E6
:1053A0001B6803F40073002B0AD0654BD3F88830D8
:1053B00023F440227B68DB6B61491343C1F88830DA
:1053C0007B681B6803F48063002B0AD05C4BD3F826
:1053D000883023F440127B681B6C59491343C1F891
:1053E00088307B681B6803F04003002B0AD0544BC5
:1053F000D3F8883023F440527B681B6B5049134329
:10540000C1F888307B681B6803F08003002B0AD04A
:105410004B4BD3F8883023F440427B685B6B4849A0
:105420001343C1F888307B681B6803F48073002B3A
:105430000AD0434BD3F8883023F440327B689B6B0F
:105440003F491343C1F888307B681B6803F400535D
:10545000002B28D03A4BD3F8883023F040627B6889
:105460009B6C37491343C1F888307B689B6CB3F160
:10547000006F06D1324BDB68314A43F48013D360AE
:1054800011E07B689B6CB3F1806F0CD17B680433B7
:105490000121184600F0A4F80346FB74FB7C002BA6
:1054A00001D0FB7CBB747B681B6803F40023002BDA
:1054B00028D0234BD3F8883023F040627B68DB6C24
:1054C0001F491343C1F888307B68DB6CB3F1006F70
:1054D00006D11B4BDB681A4A43F48013D36011E0FA
:1054E0007B68DB6CB3F1806F0CD17B6804330121E6
:1054F000184600F075F80346FB74FB7C002B01D0C6
:10550000FB7CBB747B681B6803F48023002B2BD0CF
:105510000B4BD3F8883023F040627B681B6D084941
:105520001343C1F888307B681B6DB3F1006F09D15C
:10553000034BDB68024A43F48013D36014E000BFDE
:10554000001002407B681B6DB3F1806F0CD17B684B
:1055500004330121184600F043F80346FB74FB7C3A
:10556000002B01D0FB7CBB747B681B6803F4804379
:10557000002B1CD0194BD3F8883023F040527B68A5
:105580005B6D16491343C1F888307B685B6DB3F1DE
:10559000805F0CD17B6804330221184600F020F8AC
:1055A0000346FB74FB7C002B01D0FB7CBB747B6847
:1055B0001B6803F40043002B0AD0084BD3F8883053
:1055C00023F080427B689B6D04491343C1F8883007
:1055D000BB7C18461837BD4680BD00BF0010024096
:1055E00080B584B000AF786039600023FB73744BE2
:1055F000DB6803F00303002B18D0714BDB6803F06A
:1056000003027B681B689A420DD17B681B68002BE4
:1056100009D06B4BDB681B0903F007035A1C7B683E
:105620005B689A4247D00123FB7344E07B681B68A8
:10563000032B18D0032B25D8012B02D0022B09D025
:1056400020E05F4B1B6803F00203002B1DD10123F8
:10565000FB731AE05A4B1B6803F48063002B16D1CE
:105660000123FB7313E0564B1B6803F40033002B3C
:105670000FD1534B1B6803F48023002B09D1012366
:10568000FB7306E00123FB7304E000BF02E000BFF0
:1056900000E000BFFB7B002B0DD1494BDB6823F002
:1056A00073027B6819687B685B68013B1B010B43D5
:1056B00043491343CB60FB7B002B7CD1404B1B68E1
:1056C0003F4A23F080631360FDF7E4F9B86009E016
:1056D000FDF7E0F90246BB68D31A022B02D9032377
:1056E000FB7305E0364B1B6803F00063002BEFD122
:1056F000FB7B002B5FD13B68002B10D1304B1B692B
:1057000023F0784323F4FE437A68926811027A68A2
:10571000D268D2060A432A4913430B6127E03B684B
:10572000012B12D1264B1B6923F4C00323F4FE4343
:105730007A68926811027A6812695208013A520531
:105740000A431F4913430B6111E01D4B1B6923F0F2
:10575000C06323F4FE437A68926811027A68526942
:105760005208013A52060A43154913430B61144B80
:105770001B68134A43F080631360FDF78BF9B86030
:1057800009E0FDF787F90246BB68D31A022B02D95C
:105790000323FB7305E00A4B1B6803F00063002B37
:1057A000EFD0FB7B002B06D1054B1A697B689B6908
:1057B000034913430B61FB7B18461037BD4680BD80
:1057C0000010024080B584B000AF78600123FB7305
:1057D0007B68002B79D07B6893F82130DBB2002BFB
:1057E00006D17B68002283F820207868FCF726FE2B
:1057F0007B68022283F821207B681B68DB6803F04A
:105800001003102B58D07B681B68CA225A627B6831
:105810001B6853225A62786800F090FC0346FB73C1
:10582000FB7B002B27D17B681B689B687A6812681A
:1058300023F4E00323F0400393607B681B689968BE
:105840007B685A687B681B691A437B689B691A43AB
:105850007B681B680A439A607B681B687A68D26819
:105860001A617B681B6819697B689B681A047B68EE
:105870001B680A431A61786800F094FC0346FB73C6
:10588000FB7B002B13D17B681B68DA6C7B681B6881
:1058900022F00302DA647B681B68D96C7B68DA69E2
:1058A0007B685B691A437B681B680A43DA647B6820
:1058B0001B68FF225A6201E00023FB73FB7B002B75
:1058C00003D17B68012283F82120FB7B1846103727
:1058D000BD4680BD90B587B000AFF860B9607A6012
:1058E000FB6893F82030012B01D102238BE0FB6889
:1058F000012283F82020FB68022283F82120FB6824
:105900001B68CA225A62FB681B6853225A62F868F5
:1059100000F014FC0346FB74FB7C002B63D17B6816
:10592000002B26D1FB681B689B6803F04003002B0B
:1059300002D1BB680022DA70BB681B78184600F001
:105940006FFC03461C04BB685B78184600F068FCDB
:1059500003461B021C43BB689B78184600F060FCA2
:10596000034644EA0302BB68DB789B0513437B6173
:1059700018E0FB681B689B6803F04003002B02D112
:10598000BB680022DA70BB681B781A04BB685B78BE
:105990001B021343BA6892781A43BB68DB789B05F5
:1059A00013437B61FB681A687B6903F07F3323F044
:1059B000FE431360FB681B689A68FB681B6822F44F
:1059C00080229A60FB681B689968BB68DA68BB68CC
:1059D0001B691A43FB681B680A439A60F86800F069
:1059E000E1FB0346FB74FB681B68FF225A62FB7CE9
:1059F000002B03D1FB68012283F82120FB680022E1
:105A000083F82020FB7C18461C37BD4690BD80B52E
:105A100086B000AFF860B9607A60FB681B689A6A6C
:105A2000BB685A60FB681B681B69C3F30E02BB6846
:105A30009A60FB681B681B6803F07F3323F0FE430A
:105A40007B617B691B0CDBB203F03F03DAB2BB68FE
:105A50001A707B691B0ADBB203F07F03DAB2BB6802
:105A60005A707B69DBB203F07F03DAB2BB689A70CD
:105A70007B699B0DDBB203F00103DAB2BB68DA701D
:105A80007B68002B1AD1BB681B78184600F0E8FB36
:105A900003461A46BB681A70BB685B78184600F06C
:105AA000DFFB03461A46BB685A70BB689B781846F2
:105AB00000F0D6FB03461A46BB689A7000231846CE
:105AC0001837BD4680BD90B587B000AFF860B960AB
:105AD0007A60FB6893F82030012B01D1022375E036
:105AE000FB68012283F82020FB68022283F8212032
:105AF0007B68002B0ED1BB685B7803F01003002B92
:105B000008D0BB685B7823F01003DBB20A33DAB24B
:105B1000BB685A707B68002B1CD1BB68DB781846C9
:105B200000F07EFB03461C04BB685B78184600F05F
:105B300077FB03461B021C43BB689B78184600F0AA
:105B40006FFB034644EA0302BB681B785B03134305
:105B50007B610EE0BB68DB781A04BB685B781B02D4
:105B60001343BA6892781A43BB681B785B031343EC
:105B70007B61FB681B68CA225A62FB681B68532260
:105B80005A62F86800F0DAFA0346FB74FB7C002BDB
:105B90000CD1FB681A687B6923F07F4323F0C003B4
:105BA0005360F86800F0FEFA0346FB74FB681B685C
:105BB000FF225A62FB7C002B03D1FB68012283F891
:105BC0002120FB68002283F82020FB7C18461C372C
:105BD000BD4690BD80B586B000AFF860B9607A6010
:105BE000FB681B685B6823F07F4323F0C0037B6185
:105BF0007B691B0CDAB2BB68DA707B691B0ADBB20B
:105C000003F01F03DAB2BB685A707B69DBB203F0A2
:105C10003F03DAB2BB689A707B695B0BDBB203F0BF
:105C20000703DAB2BB681A707B68002B1AD1BB6815
:105C3000DB78184600F014FB03461A46BB68DA709E
:105C4000BB685B78184600F00BFB03461A46BB683E
:105C50005A70BB689B78184600F002FB03461A4650
:105C6000BB689A70002318461837BD4680BD0000F7
:105C700090B589B000AFF860B9607A60FB6893F8BE
:105C80002030012B01D1022327E1FB68012283F898
:105C90002020FB68022283F821207B68002B37D16B
:105CA000FB681B689B6803F04003002B02D1BB68B4
:105CB0000022DA70BB681B78184600F0B1FA034680
:105CC0001C04BB685B78184600F0AAFA03461B0266
:105CD0001C43BB689B78184600F0A2FA034644EACE
:105CE0000302BB68DB789B0542EA0304BB6893F8B8
:105CF0002430184600F094FA03461B0644EA0302D7
:105D0000BB681B6A1A43BB685B691343FB6123E0F2
:105D1000FB681B689B6803F04003002B02D1BB6843
:105D20000022DA70BB681B781A04BB685B781B0220
:105D30001343BA6892781A43BB68DB789B051A4311
:105D4000BB6893F824301B061A43BB681B6A1A43CE
:105D5000BB685B691343FB61BB685A68BB68DB695E
:105D60001343BB61FB681B68CA225A62FB681B684D
:105D700053225A62BB689B6AB3F5807F4AD1FB68A5
:105D80001B689A68FB681B6822F480729A60FB6843
:105D90001B68DB68DAB2FB681B6862F4C072DA6009
:105DA000FCF778FE386115E0FCF774FE02463B69AB
:105DB000D31AB3F57A7F0DD9FB681B68FF225A62AC
:105DC000FB68032283F82120FB68002283F820204F
:105DD000032382E0FB681B68DB6803F00103002BF0
:105DE000E2D0FB681B68FA69DA61FB681B68BA6974
:105DF0005A64FB681B689A68FB681B6842F48072EF
:105E00009A60FB681B689A68FB681B6842F48052C2
:105E10009A6049E0FB681B689A68FB681B6822F47B
:105E200000729A60FB681B68DB68DAB2FB681B686B
:105E300062F42072DA60FCF72DFE786115E0FCF761
:105E400029FE02467B69D31AB3F57A7F0DD9FB6828
:105E50001B68FF225A62FB68032283F82120FB683B
:105E6000002283F82020032337E0FB681B68DB68EF
:105E700003F00203002BE2D0FB681B68FA691A6288
:105E8000FB681B68BA699A64FB681B689A68FB68C0
:105E90001B6842F400729A60FB681B689A68FB6892
:105EA0001B6842F400529A600E4B1B680D4A43F483
:105EB000802313600B4B9B680A4A43F48023936052
:105EC000FB681B68FF225A62FB68012283F82120CD
:105ED000FB68002283F82020002318462437BD46A3
:105EE00090BD00BF0004014080B586B000AFF860EF
:105EF000B9607A603B607B68B3F5807F43D1BB6853
:105F00004FF480729A62FB681B68DB697B61FB68F7
:105F10001B685B6CC3F30E033B617B691B0CDBB23C
:105F200003F03F03DAB2BB681A707B691B0ADBB26D
:105F300003F07F03DAB2BB685A707B69DBB203F00F
:105F40007F03DAB2BB689A707B699B0DDBB203F00A
:105F50000103DAB2BB68DA70BB683A695A607B69E0
:105F60001B0EDBB203F03F03DAB2BB6883F82420D8
:105F70007B6903F08042BB681A627B6903F0803260
:105F8000BB685A6142E0BB684FF400729A62FB68DA
:105F90001B681B6A7B61FB681B689B6CC3F30E0369
:105FA0003B617B691B0CDBB203F03F03DAB2BB68D9
:105FB0001A707B691B0ADBB203F07F03DAB2BB689D
:105FC0005A707B69DBB203F07F03DAB2BB689A7068
:105FD0007B699B0DDBB203F00103DAB2BB68DA70B8
:105FE000BB683A695A607B691B0EDBB203F03F0362
:105FF000DAB2BB6883F824207B6903F08042BB6877
:106000001A627B6903F08032BB685A613B68002BDF
:1060100025D1BB681B78184600F022F903461A46C2
:10602000BB681A70BB685B78184600F019F9034624
:106030001A46BB685A70BB689B78184600F010F986
:1060400003461A46BB689A70BB6893F8243018461A
:1060500000F006F903461A46BB6883F824200023A3
:1060600018461837BD4680BD80B582B000AF786055
:106070001F4B4FF480225A617B681B689B6803F4B6
:106080008053002B12D07B681B68DB6803F480739D
:10609000002B0BD07B681B68DB68DAB27B681B685F
:1060A00062F4C072DA607868F4F71AFE7B681B68E5
:1060B0009B6803F40053002B12D07B681B68DB68DD
:1060C00003F40073002B0BD07B681B68DB68DAB22B
:1060D0007B681B6862F42072DA607868F4F710FE5F
:1060E0007B68012283F8212000BF0837BD4680BDB0
:1060F0000004014080B584B000AF78607B681B6805
:106100000D4ADA60FCF7C6FCF86009E0FCF7C2FC57
:106110000246FB68D31AB3F57A7F01D9032307E05F
:106120007B681B68DB6803F02003002BEED00023A4
:1061300018461037BD4680BD5FFF030080B584B0B0
:1061400000AF78600023FB737B681B68DB6803F09B
:106150004003002B20D17B681B684FF0FF32DA60D0
:10616000FCF798FCB8600DE0FCF794FC0246BB68B5
:10617000D31AB3F57A7F05D90323FB737B68032217
:1061800083F821207B681B68DB6803F04003002B49
:1061900002D1FB7B032BE7D1FB7B18461037BD46B2
:1061A00080BD000080B584B000AF78600023FB7331
:1061B0001A4BDB68194A23F08003D360174B9B68A6
:1061C00003F02003002B0CD17868FFF793FF034600
:1061D000002B1ED07B68032283F821200323FB734E
:1061E00017E00E4B9B680D4A23F0200393607868FC
:1061F000FFF780FF0346002B05D07B68032283F85E
:1062000021200323FB73054B9B68044A43F02003C2
:106210009360FB7B18461037BD4680BD00280040C8
:1062200080B485B000AF0346FB710023FB60FB79AF
:10623000FB7205E0FB680133FB60FB7A0A3BFB72F3
:10624000FB7A092BF6D8FB68DBB21B01DAB2FB7ACA
:106250001343DBB218461437BD465DF8047B704724
:1062600080B485B000AF0346FB71FB791B09DBB23C
:106270001A46920013445B00FB73FB7903F00F0393
:10628000DAB2FB7B1344DBB218461437BD465DF827
:10629000047B704780B586B000AFF860B9607A6063
:1062A000FB6893F82030012B01D102237FE0FB68CB
:1062B000012283F82020FB68022283F82120FB685A
:1062C0001B68CA225A62FB681B6853225A62FB6829
:1062D0001B689A68FB681B6822F480629A60FB68FE
:1062E0001B68DB68DAB2FB681B6862F49062DA60F4
:1062F000FB681B68DB6803F04003002B20D1FCF730
:10630000C9FB786115E0FCF7C5FB02467B69D31A2F
:10631000B3F57A7F0DD9FB681B68FF225A62FB68D0
:10632000032283F82120FB68002283F82020032326
:106330003DE0FB681B68DB6803F00403002BE2D040
:10634000FB681B68BA685A61FB681B689B6823F08E
:106350000701FB681B687A680A439A60164B1B6842
:10636000154A43F480131360134B9B68124A43F49D
:1063700080139360FB681B689A68FB681B6842F493
:1063800080429A60FB681B689A68FB681B6842F44D
:1063900080629A60FB681B68FF225A62FB680122D8
:1063A00083F82120FB68002283F820200023184670
:1063B0001837BD4680BD00BF0004014080B582B0E3
:1063C00000AF78600F4B4FF480125A617B681B68F6
:1063D000DB6803F48063002B0BD07B681B68DB68F1
:1063E000DAB27B681B6862F49062DA607868F4F76E
:1063F00091FC7B68012283F8212000BF0837BD464D
:1064000080BD00BF0004014080B582B000AF78605D
:106410007B68002B01D1012340E07B68DB6F002B00
:1064200006D17B68002283F878207868FCF7B8F9F9
:106430007B682422DA677B681B681A687B681B68A4
:1064400022F001021A607B685B6A002B02D0786838
:1064500000F00CFB786800F0AFF80346012B01D187
:1064600001231BE07B681B685A687B681B6822F469
:1064700090425A607B681B689A687B681B6822F0B0
:106480002A029A607B681B681A687B681B6842F066
:1064900001021A60786800F08BFB03461846083743
:1064A000BD4680BD80B58AB002AFF860B9603B6080
:1064B0001346FB80FB68DB6F202B78D1BB68002B79
:1064C00002D0FB88002B01D1012371E0FB68002280
:1064D000C3F88420FB682122DA67FCF7DBFA7861D5
:1064E000FB68FA88A3F85020FB68FA88A3F85220CA
:1064F000FB689B68B3F5805F08D1FB681B69002BC4
:1065000004D10023FB61BB68BB6103E0BB68FB6196
:106510000023BB6130E03B6800937B69002280214F
:10652000F86800F0EDFB0346002B04D0FB68202246
:10653000DA6703233CE0FB69002B0BD1BB691A88A7
:10654000FB681B68C2F3080292B21A85BB6902336A
:10655000BB6108E0FB691A78FB681B6892B21A8578
:10656000FB690133FB61FB68B3F852309BB2013B1E
:106570009AB2FB68A3F85220FB68B3F852309BB282
:10658000002BC8D13B6800937B6900224021F8684A
:1065900000F0B6FB0346002B04D0FB682022DA672C
:1065A000032305E0FB682022DA67002300E00223D2
:1065B00018462037BD4680BD2DE9B04F8AB000AFE8
:1065C000F860002387F82230FB689A68FB681B6933
:1065D0001A43FB685B691A43FB68DB6913437B6200
:1065E000FB681B681A689E4B1340FA681268796A48
:1065F0000B431360FB681B685B6823F44051FB6826
:10660000DA68FB681B680A435A60FB689B697B6217
:10661000FB681B68934A934204D0FB681B6A7A6A42
:1066200013437B62FB681B689B6823F43061FB6843
:106630001B687A6A0A439A60FB681B688A4A93421D
:1066400026D18A4BD3F8883003F00303032B1BD8E1
:1066500001A252F823F000BF6966010879660108BB
:106660007166010881660108012387F82330ABE0D9
:10667000022387F82330A7E0042387F82330A3E020
:10668000082387F823309FE0102387F823309BE00E
:10669000FB681B68764A934238D1744BD3F8883034
:1066A00003F00C030C2B2DD801A252F823F000BFED
:1066B000E566010805670108056701080567010827
:1066C000F566010805670108056701080567010807
:1066D000ED660108056701080567010805670108FF
:1066E000FD660108002387F823306DE0022387F858
:1066F000233069E0042387F8233065E0082387F816
:10670000233061E0102387F823305DE0FB681B68CD
:10671000584A934225D1554BD3F8883003F03003C3
:10672000302B16D0302B18D8202B0AD0202B14D881
:10673000002B02D0102B08D00FE0002387F8233065
:1067400042E0022387F823303EE0042387F8233019
:106750003AE0082387F8233036E0102387F8233007
:1067600032E0FB681B683F4A93422AD13F4BD3F883
:10677000883003F44063B3F5406F1AD0B3F5406F2F
:106780001BD8B3F5006F0CD0B3F5006F15D8002BF4
:1067900003D0B3F5806F08D00FE0002387F82330D3
:1067A00012E0022387F823300EE0042387F8233019
:1067B0000AE0082387F8233006E0102387F8233007
:1067C00002E0102387F82330FB681B68254A9342B8
:1067D00040F08A8097F82330082B24D801A252F881
:1067E00023F000BF09680108276801081168010843
:1067F0002768010817680108276801082768010849
:10680000276801081F680108FEF714FCF86110E012
:10681000194BFB610DE0FEF777FBF86109E04FF4DF
:106820000043FB6105E00023FB61012387F8223070
:1068300000BFFB69002B00F00981FB685A68134612
:106840005B001344FA699A4205D3FB685B681B033B
:10685000FA699A4212D9012387F82230F6E000BF84
:10686000F369FFEF00800040003801400010024053
:1068700000440040004800400024F400FB6900226E
:106880001C4615464FF000024FF000032B0243EA6E
:1068900014632202F9684968490800208846814645
:1068A00012EB080A43EB090BFB685B6800223B60B4
:1068B0007A60D7E9002350465946EAF77FF9024645
:1068C0000B461346BB61BB69B3F5407F08D3BB6978
:1068D000B3F5801F04D2FB681B68BA69DA60B5E0C3
:1068E000012387F82230B1E0FB68DB69B3F5004F84
:1068F0005DD197F82330082B27D801A252F823F056
:10690000256901082D690108356901084B690108ED
:106910003B6901084B6901084B6901084B69010893
:1069200043690108FEF786FBF86114E0FEF798FB67
:10693000F86110E04C4BFB610DE0FEF7E5FAF86101
:1069400009E04FF40043FB6105E00023FB610123F4
:1069500087F8223000BFFB69002B77D0FB695A0013
:10696000FB685B685B081A44FB685B68B2FBF3F387
:10697000BB61BB690F2B16D9BB69B3F5803F12D23F
:10698000BB699BB223F00F03FB82BB695B089BB220
:1069900003F007039AB2FB8A1343FB82FB681B6870
:1069A000FA8ADA6052E0012387F822304EE097F845
:1069B0002330082B27D801A252F823F0E1690108FF
:1069C000E9690108F1690108076A0108F769010826
:1069D000076A0108076A0108076A0108FF690108D8
:1069E000FEF728FBF86114E0FEF73AFBF86110E0CF
:1069F0001D4BFB610DE0FEF787FAF86109E04FF4EB
:106A00000043FB6105E00023FB61012387F822308E
:106A100000BFFB69002B19D0FB685B685A08FB6953
:106A20001A44FB685B68B2FBF3F3BB61BB690F2BD5
:106A300009D9BB69B3F5803F05D2BB699AB2FB683F
:106A40001B68DA6002E0012387F82230FB6800222D
:106A50009A66FB680022DA6697F8223018462837D3
:106A6000BD46BDE8B08F00BF0024F40080B483B001
:106A700000AF78607B685B6A03F00803002B0AD0E4
:106A80007B681B685B6823F400417B685A6B7B68FA
:106A90001B680A435A607B685B6A03F00103002BA2
:106AA0000AD07B681B685B6823F400317B689A6AB4
:106AB0007B681B680A435A607B685B6A03F00203C9
:106AC000002B0AD07B681B685B6823F480317B68ED
:106AD000DA6A7B681B680A435A607B685B6A03F06A
:106AE0000403002B0AD07B681B685B6823F48021B9
:106AF0007B681A6B7B681B680A435A607B685B6A19
:106B000003F01003002B0AD07B681B689B6823F4FA
:106B100080517B689A6B7B681B680A439A607B682C
:106B20005B6A03F02003002B0AD07B681B689B681C
:106B300023F400517B68DA6B7B681B680A439A6018
:106B40007B685B6A03F04003002B1AD07B681B68EC
:106B50005B6823F480117B681A6C7B681B680A43AE
:106B60005A607B681B6CB3F5801F0AD17B681B6879
:106B70005B6823F4C0017B685A6C7B681B680A431E
:106B80005A607B685B6A03F08003002B0AD07B6845
:106B90001B685B6823F400217B689A6C7B681B6828
:106BA0000A435A6000BF0C37BD465DF8047B70474E
:106BB00080B598B002AF78607B680022C3F884206B
:106BC000FBF768FF78657B681B681B6803F00803A8
:106BD000082B2ED16FF07E4300937B6D00224FF483
:106BE0000011786800F08CF80346002B21D07B68F8
:106BF0001B68BB63BB6B53E8003F7B637B6B23F07D
:106C000080033B657B681B681A463B6D7B643A6476
:106C1000396C7A6C41E80023FB63FB6B002BE6D1F7
:106C20007B682022DA677B68002283F878200323C0
:106C300062E07B681B681B6803F00403042B49D1E6
:106C40006FF07E4300937B6D00224FF480017868E3
:106C500000F056F80346002B3CD07B681B687B6233
:106C60007B6A53E8003F3B623B6A23F49073FB640A
:106C70007B681B681A46FB6C3B63FA62F96A3A6BE5
:106C800041E80023BB62BB6A002BE6D17B681B682E
:106C900008333B613B6953E8003FFB60FB6823F02E
:106CA0000103BB647B681B680833BA6CFA61BB6183
:106CB000B969FA6941E800237B617B69002BE5D162
:106CC0007B682022C3F880207B68002283F878202C
:106CD000032311E07B682022DA677B682022C3F857
:106CE00080207B6800221A667B6800225A667B68D7
:106CF000002283F87820002318465837BD4680BD0F
:106D000080B584B000AFF860B9603B601346FB719A
:106D100049E0BB69B3F1FF3F45D0FBF7BBFE02463C
:106D20003B68D31ABA699A4202D3BB69002B01D1DE
:106D3000032348E0FB681B681B6803F00403002B77
:106D400031D0FB681B68DB6903F00803082B10D106
:106D5000FB681B6808221A62F86800F038F8FB68C4
:106D60000822C3F88420FB68002283F878200123DE
:106D700029E0FB681B68DB6903F40063B3F5006F6F
:106D800011D1FB681B684FF400621A62F86800F0CA
:106D90001EF8FB682022C3F88420FB68002283F8D9
:106DA000782003230FE0FB681B68DA69BB68134097
:106DB000BA689A420CBF01230023DBB21A46FB7962
:106DC0009A42A6D0002318461037BD4680BD80B435
:106DD00095B000AF78607B681B687B637B6B53E882
:106DE000003F3B633B6B23F49073FB647B681B6841
:106DF0001A46FB6C3B64FA63F96B3A6C41E800237A
:106E0000BB63BB6B002BE6D17B681B6808333B621E
:106E10003B6A53E8003FFB61FB6923F00103BB645D
:106E20007B681B680833BA6CFA62BB62B96AFA6A9B
:106E300041E800237B627B6A002BE5D17B681B6EF7
:106E4000012B18D17B681B68FB60FB6853E8003F8F
:106E5000BB60BB6823F010037B647B681B681A4629
:106E60007B6CBB617A617969BA6941E800233B6157
:106E70003B69002BE6D17B682022C3F880207B6829
:106E800000221A667B6800229A6600BF5437BD460E
:106E90005DF8047B704700F019BD0368DB0706D47A
:106EA000437803B1FFDE012343701846704700208A
:106EB000704701230360704700F00ABD70477047B8
:106EC00070470AB100F04CBF704713460A4611B133
:106ED0001978E9F77DB908467047000008B50B68D6
:106EE000B3F1804F02D30D4800F009FD93420BD956
:106EF000B3EB420F4FEA420006D2B0F1804F2ABFF7
:106F00006FF0404308600B600868013001D500F065
:106F1000F0FCBDE8084000F0DBBC00BF408D01087C
:106F200050F8083B834202D0184600F0CFBC7047AF
:106F300008B5034608465B689842114603D90246E5
:106F4000014800F0DFFC08BD588D0108406801F1E0
:106F500080410139091A914208B502D2184600F061
:106F6000CEFC08BD03688B4206D8426813449942A0
:106F700094BF00200120704701207047012A10B4FF
:106F800004D10A785DF8044B027070475DF8044B39
:106F9000FFF797BF012A30B403D10B78037030BCE0
:106FA0007047002AFBD030BC00F038BE0B46012BE6
:106FB00010B41146044603D122705DF8044B7047AB
:106FC000002BFAD05DF8044B1A4600F041BE37B5ED
:106FD0000F2904460191154606D9002201A9FFF7A1
:106FE0007DFF019B2060A360019919B120682A46AA
:106FF000FFF7DCFF019B226863600021D15403B0DE
:1070000030BD08B5521AFFF7B9FF08BD08B5521ACE
:10701000FFF7B4FF08BD8842F7B504460E461ED000
:1070200003464D6853F8082B9A4214BF82680F221A
:10703000AA420AD201A90195FFF750FF0746204650
:10704000FFF76EFF019B2760A36025B131682068C0
:107050002A46FFF793FF2368656000225A5503B064
:10706000F0BD2DE9F3470A9E1F46436801EB020875
:10707000B21A1A44A3EB08090346019253F8082BED
:107080009A4218BF82680D4608BF0F2201A9044624
:10709000FFF724FF82461DB121682A46FFF76EFFE5
:1070A00037B12EB1324639460AEB0500FFF766FFCD
:1070B000B9F1000F07D0216835444A4641440AEB34
:1070C0000500FFF75BFF2046FFF72AFF019BC4F88E
:1070D00000A0A36002B0BDE8F08738B504461546AD
:1070E000084611446268521A05D025B12368194434
:1070F0001844FFF74FFF636822685B1B0021636041
:10710000D15438BD00F108020260002242600272D0
:10711000704700F10802026000224260027270476C
:1071200010B500F1080304460360FFF750FF204646
:1071300010BD70B504460E460830206056F8083B76
:107140009E420D460BD110223146FFF7BAFE6B6806
:10715000636000232E606B602B72204670BD23603D
:107160008B68A360F3E710B50446FFF7D9FE20460D
:1071700010BD10B50446FFF74EFF204610BD70B598
:107180000C4651F8083B99420546006810D1A542CB
:1071900008D062680AB1FFF7F1FE63682A686B6085
:1071A0000021D1542268002363601370284670BD0B
:1071B0002B6005F1080663686B60B042A36818BFD6
:1071C000AA68AB6008BF002010B12060A260E9E7A8
:1071D0002160E7E700687047D0E90020104470475D
:1071E0004068704740687047034653F8082B9A423E
:1071F00014BF80680F20704737B50346019153F8DC
:10720000082B9A4218BF8268019B08BF0F22934245
:1072100004460ED901A9FFF761FE626821680132B8
:107220000546FFF7ABFE2046FFF77AFE019B25607F
:10723000A36003B030BD0268002343601370704741
:107240004068B0FA80F04009704700680844704711
:1072500000680844704700004268914208B502D3B4
:10726000024800F04FFB0068084408BD8F8D0108FC
:1072700043680068013B184470470346F7B553F86C
:10728000082B46689A4218BF836806F1010508BFBB
:107290000F239D4204460F4606D901230093002385
:1072A0001A463146FFF7DDFE23689F552368656067
:1072B00000225A5503B0F0BD10B50446FFF7DDFFBC
:1072C000204610BD70B516460C4A04460D46FFF721
:1072D0002FFE731C05D12368656000225A55204695
:1072E00070BD002EFBD06268521BB24228BF3246EE
:1072F00029462046FFF7F1FEF1E700BFD38D0108D4
:1073000008B5416801220139FFF7E7FE08BD00001A
:107310002DE9F34116461D4604461C4B2A460F46EE
:107320003146FFF713FE2346626853F8080B984274
:1073300018BFA368A5EB0608904408BF0F23434578
:107340001BD3F319D21A06D0AE4204D038448119A7
:107350002844FFF71FFE35B120689DF820202946FC
:107360003844FFF723FE2368C4F804800022204637
:1073700003F8082002B0BDE8F081009500233246F2
:1073800039462046FFF76DFEE5E700BFE78D0108AF
:1073900007B500920B4600224168FFF7B9FF03B022
:1073A0005DF804FB2DE9F74F0C9D144680462A46F4
:1073B00089461F462146394BFFF7C8FD4246D8F89B
:1073C000043052F8086B964218BFD8F80820A5EB95
:1073D000040B03EB0B0A08BF0F22524551D34E4456
:1073E0003946A1444046A3EB0909FFF7BBFD80B134
:1073F000B9F1000F06D0AC4204D04A4631197019D9
:10740000FFF7C8FD15B32A4639463046FFF7B6FDEB
:107410001CE035B1AC423CD32A4639463046FFF732
:10742000B9FDB9F1000F11D0AC420FD04A46311965
:107430007019FFF7AFFDAC4208D234447B199C426F
:107440000FD32A4639463046FFF7A4FDD8F800305E
:10745000C8F804A00022404603F80A2003B0BDE8A3
:10746000F08FBC4203D82A4607EB0B01CDE7E41BA3
:10747000224639463046FFF78DFD2A1B7119301917
:10748000C4E700953B46224649464046FFF7E9FDE2
:10749000DCE7B9F1000FD0D0C8E700BF1A8E0108B1
:1074A00007B500920B4642680021FFF77BFF03B04F
:1074B0005DF804FB1FB5044608460391E8F7D8FEC3
:1074C000039B0090626800212046FFF76BFF04B029
:1074D00010BD08B5FFF7EEFF08BD00007FB50446FC
:1074E0001546094A03930E46FFF722FD6268039B87
:1074F000921B0146AA420898009028BF2A462046BF
:10750000FFF750FF04B070BD048E010807B5536843
:10751000009313680022FFF7E1FF03B05DF804FB5E
:107520001FB50446104603910292E8F7A1FE029BA4
:107530000090039900222046FFF7D0FF04B010BD51
:1075400010B586B004461846CDE904210393E8F748
:107550008FFEDDE90332009005992046FFF7BEFF5C
:1075600006B010BD73B504462346406853F8086B57
:107570009E4218BFA36800EB020508BF0F239D427F
:107580000AD812B13044FFF7F9FC23686560002285
:1075900020465A5502B070BD00920B4600220146AB
:1075A0002046FFF75EFDF0E708B5D1E90012FFF7CE
:1075B000D9FF08BD08B5FFF7F7FF08BD70B5064B4A
:1075C00004460D4616460021FFF7C0FC3246294608
:1075D0002046FFF7C7FF70BD338E010837B504465C
:1075E00008460D46E8F744FE064B0190024600218E
:1075F0002046FFF7ABFC019A29462046FFF7B2FF71
:1076000003B030BD338E010808B5FFF7E7FF08BDB2
:10761000006870470068704770472DE9F7430E46D1
:107620001D4641683BB9914201D24FF0FF321046EE
:1076300003B0BDE8F0839142F7D9D0F800803378E9
:107640008DF8073008EB010708EB0200891AC5F135
:107650000109A942E9D30DF107024944FFF735FCBE
:1076600004460028E1D02A463146E9F75BFE10B90E
:10767000A4EB0802DBE7601C391AEAE708B5D1E998
:107680000013FFF7CAFF08BD13B504460846019270
:107690000091E8F7EDFDDDE9001203462046FFF713
:1076A000BCFF02B010BD13B58DF8071041688A42C7
:1076B00013460AD204680DF10702C91AE018FFF751
:1076C00004FC10B1001B02B010BD4FF0FF30FAE710
:1076D000436810B563B1013B9A4228BF1A4603685C
:1076E0009C5C8C42134602F1FF3203D0531CF6D14E
:1076F0004FF0FF33184610BDF8B544680E461D46DE
:107700007CB173B1013C9442076828BF14463A1912
:1077100029463046FFF7D9FB08B9013CF7D220468D
:10772000F8BD4FF0FF34FAE708B5D1E90013FFF7D1
:10773000E3FF08BD13B50446084601920091E8F73F
:1077400097FDDDE9001203462046FFF7D5FF02B0A2
:1077500010BD08B5FFF7BCFF08BD73B546680191C1
:1077600005460846E8F784FD8642044632460199FC
:1077700028BF02462868E9F7D5FD00B9301B02B0E2
:1077800070BD000073B5044616460D4619B912B116
:107790000D4800F0B1F8731B0F2B019307D900229D
:1077A00001A92046FFF79AFB019B2060A3603246A7
:1077B00029462068FFF725FC019B226863600021B1
:1077C000D15402B070BD00BF488E010838B500F139
:1077D00008030360D1E9005204464FF000032A4435
:1077E0002946FFF7CFFF204638BD000073B5044699
:1077F00016460D4619B912B10D4800F07DF8731BFD
:107800000F2B019307D9002201A92046FFF766FB41
:10781000019B2060A360324629462068FFF7F6FBF3
:10782000019B226863600021D15402B070BD00BF8B
:10783000488E010838B500F10803044603600D4680
:1078400059B10846E8F714FD2A1820464FF0000306
:107850002946FFF7CBFF204638BD0122F5E700009F
:107860002DE9F0410D461746984600F108030446FD
:10787000036039460A4A2846FFF75AFB2E686A68B1
:107880003118D21B20464FF00003424594BF8A189E
:1078900001EB0802FFF7AAFF2046BDE8F08100BF18
:1078A000728E010837B50D46044611462846064A31
:1078B0000193FFF73DFB019B024629462046FFF757
:1078C000CFFF204603B030BD8D8E010800F0E2B836
:1078D000012838BF012010B50446204600F0D2F838
:1078E00000B110BD00F0BEF808B900F0C3F8804741
:1078F000F3E708B500F0BEF808B500F0BBF808B52E
:1079000000F0B8F80FB480B584B000AF07F11804E8
:1079100054F8042B7A601046E8F7AAFC00F207231B
:1079200023F00703ADEB030D00F500717A68FC60EE
:107930002346684600F054F800F09CF880B59CB0EF
:10794000064600AF0C46A41B0E496922381D00F004
:1079500007FA04F1700323F00703ADEB030D6D4646
:107960006822391D284600F0FBF92246314605F110
:1079700068002C4400F0F4F9002384F868302846AD
:10798000FFF7BAFFA28E01082DE9F04100AF84B0E5
:107990006D4605F10C04DFF8448023464FF00A0CD5
:1079A000B2FBFCF60CFB162E18F80EE003F801ED06
:1079B0009646BEF1090F3246F2D8E41A8C4209D835
:1079C000C4F10C012246294400F0CAF92046BD4604
:1079D000BDE8F0814FF0FF34F8E700BF0B8F0108DE
:1079E00001392DE9F0410746154600EB0108044630
:1079F0002A7892B3444516D2252A07D16A78732A89
:107A000009D07A2A16D0252A00D1013515F8012B84
:107A100004F8012BECE753F8042B013A12F8011F8C
:107A2000C9B1444503D121463846FFF787FF04F822
:107A3000011BF3E7AA78752AE8D11E46A8EB0401DA
:107A400056F8042B2046FFF79FFF0028EBDD044487
:107A500003353346CCE70235CAE72270E01BBDE8A8
:107A6000F0810000024B1868BFF35B8F704700BFC6
:107A7000A010002008B5062000F01AF90120FAF73E
:107A8000B1FD0000024B0146186800F02BB800BFA2
:107A90007C000020024B0146186800F06FB900BF5F
:107AA0007C00002070B50E4E0C463168054611B9B9
:107AB00000F01AF930602146284600F015F9431C01
:107AC0000AD0C41C24F00304A04207D0211A28467F
:107AD00000F00AF9013001D14FF0FF34204670BDAB
:107AE000A81000202DE9F843CD1C25F0030508352A
:107AF0000C2D38BF0C25002D074601DBA94205D906
:107B00000C233B6000263046BDE8F883DFF8D080C8
:107B100000F068F8D8F800301C465CBB29463846AF
:107B2000FFF7C0FF431C044655D1D8F80040264655
:107B3000002E45D1002C48D023683146384604EB4E
:107B4000030900F0D1F881453FD121686D1A29461B
:107B50003846FFF7A7FF013037D023682B44236056
:107B6000D8F80030002B38D05A68A2422BD100221E
:107B70005A600FE02268521B1FD40B2A17D96119D3
:107B8000A342256018BF5960636808BFC8F8001099
:107B900062514B60384604F10B0600F029F826F0DC
:107BA0000706231DF21AAED09B1BA350ABE7A342DE
:107BB0006268DDD1C8F80020ECE723466468ACE7D2
:107BC00034467668B4E71346CCE70C233B6038466E
:107BD00000F00EF897E72560DCE75B60FFDE00BF92
:107BE000A4100020014800F0B9B800BFE81100203F
:107BF000014800F0B4B800BFE811002010B5013909
:107C00000244904201D1002005E0037811F8014FB1
:107C1000A34201D0181B10BD0130F2E7884210B515
:107C200001EB020402D98442234607D8431EA14235
:107C300008D011F8012B03F8012FF8E702440146A0
:107C40008A4200D110BD13F8014D02F8014DF7E74B
:107C500002440346934200D1704703F8011BF9E741
:107C60001F2938B504460D4604D9162303604FF08A
:107C7000FF3038BDC26B12B152F821304BB92046EB
:107C800000F030F82A4601462046BDE8384000F0B2
:107C900017B8012B0AD0591C03D116230360012009
:107CA000E7E7002442F82540284698470020E0E70F
:107CB000024B01461868FFF7D3BF00BF7C000020CD
:107CC00038B5074D00230446084611462B60FAF7E5
:107CD00079FC431C02D12B6803B1236038BD00BF7F
:107CE000E4110020FAF766BC38B5064D00230446BF
:107CF00008462B60FAF780FC431C02D12B6803B1C5
:107D0000236038BDE4110020014B1868704700BFA4
:107D10007C00002070B50D4D0D4C641BA410002696
:107D2000A64209D10B4D0C4C00F074F8641BA41052
:107D30000026A64205D170BD55F8043B9847013690
:107D4000EEE755F8043B98470136F2E7208F01082B
:107D5000208F0108208F0108288F01087047704785
:107D60000A44914200F1FF3300D1704710B511F879
:107D7000014B03F8014F9142F9D110BD37B50029ED
:107D800044D051F8043C0190002BA1F10404B8BF89
:107D9000E418FFF727FF1E4A0198136833B96360A0
:107DA000146003B0BDE83040FFF722BFA34208D9FA
:107DB000256861198B4201BF19685B684919216008
:107DC000EDE71A465B680BB1A342FAD91168551862
:107DD000A5420BD1246821445418A3421160E0D17C
:107DE0001C685B6853600C441460DAE702D90C230A
:107DF0000360D6E7256861198B4204BF19685B6888
:107E0000636004BF491921605460CAE703B030BD04
:107E1000A4100020F8B500BFF8BC08BC9E4670470F
:0C7E2000F8B500BFF8BC08BC9E467047D7
:107E300030313233343536373839414243444546A0
:107E400000000000300000002D0000002E000000A7
:107E50003062000028000000290000002F2F22229D
:107E60005C5C6208660C6E0A720D7409000000000A
:107E700000000000726F6F6361000000636C746348
:107E800065727400636C746B657900000D0A2D2DAA
:107E90002D2D3E0D0A0000000D0A2D2D2D2D2D2D0E
:107EA0002D2D2D2D200000000D0A00000D0A2D2D76
:107EB0003E0D0A00097B3D7D00000000097B217D0D
:107EC000000000000D0A3C2D2D0D0A002B415753D8
:107ED0005355425245435600424C45505245435635
:107EE000000000000D0A5355425F52455350203A9E
:107EF000200000000D0A0909534B495050494E47D4
:107F0000203A20004552524F520000004357535F21
:107F10000000000041542B4E574254424C454E4104
:107F20004D453F0041542B4E574254424C454E4123
:107F30004D453D2200000000220000004F4B000094
:107F400041542B4E574254424C455057523D3100FC
:107F500041542B4E57424C45444953434F4E3F00EA
:107F60004E57424C45444953434F4E3A0D0A310057
:107F7000436F6E6E656374656400000041542B4E60
:107F8000574254424C455057523D3000E8030000E0
:107F9000D007000041542B4E57424C455053454E9C
:107FA000443D302C302C302C312C00003E000000A1
:107FB0004E57424C455053454E440000640000006B
:107FC00064000000415400004154453000000000AE
:107FD00041542B4350494E3F0000000041542B4375
:107FE0005351000041542B435245473D320000009D
:107FF00041542B435245473F00000000322C000003
:1080000041542B43474154543D31000041542B43CC
:10801000474154543F0000002B43474154543A20F9
:108020003100000041542B584949433D31000000C4
:1080300041542B584949433F000000002B584949FF
:10804000433A2020202031000A0D000020000000CB
:108050000A0D0A0D00000000202D2D3E000000003A
:108060003C2D2D00203A2000094E6F205265737080
:108070006F6E7365000000000957726F6E672072A3
:108080006573706F6E736500534B495000000000BC
:108090000D0A4150502041444452455353203D2045
:1080A0000000000009476F696E6720746F2041501F
:1080B00050203A20000000000D0A4E6F2041505021
:1080C000203A205265736574696E67207379737402
:1080D000656D00000D0A456E746572205061737302
:1080E000776F72640D0A00000D0A554152542050FA
:1080F00052494E54494E47000D0A424C45205052B9
:10810000494E54494E4700000D0A2D2D2D2D2D2D81
:108110002D2D2D2D0D0A00000D0A3E3E3E3E3E3E09
:108120003E3E3E3E3E3E3E3E204D454E55203C3C72
:108130003C3C3C3C3C3C3C3C3C3C3C3C0D0A000058
:108140000D0A496E203A20436F203A204A73203AA4
:10815000204E616D650000000D0A0D0A3E3E3E3E58
:108160003E3E3E3E3E3E3E3E3E3E204D454E55202E
:108170003C3C3C3C3C3C3C3C3C3C3C3C3C3C0000B7
:10818000456E74657220696E64657800456E74652D
:10819000722056616C7565000D0A45786974696EC8
:1081A00067000000496E76616C696420496E7075E5
:1081B000740000000D0A426F74682053616D6520E1
:1081C0004A534F4E0D0A00000D0A4E6F7420536142
:1081D0006D65204A534F4E0D0A00000041542B4656
:1081E0005357463D22000000222C302C0000000096
:1081F0002C313030303000000D0A4E6F20636F6E2E
:108200006669672066696C6520666F756E640D0A25
:108210000000000041542B465352463D220000000E
:108220002B465352463A000041542B415753535565
:10823000423D00002C3000000D0A7375625F7265CC
:1082400063202D2D3E000000353677646F35626661
:1082500034327474346C7578796D327263767679F1
:1082600035653076727061712E6C616D6264612D5E
:1082700075726C2E75732D776573742D322E6F6E3B
:108280002E6177732F3F77733D0000000D0A466F14
:10829000756E64204A736F6E2D2D3E003C2D2D0DA2
:1082A0000A0000004D455441000000000D0A4D45F4
:1082B00054415F5550444154452D2D3E000000006F
:1082C0004F5441004F544120555044415445202DB6
:1082D0002D3E0000310000004C494E4B00000000D4
:1082E0000D0A4669726D776172652075726C202D7A
:1082F0002D3E00004D4554415F4C494E4B0000005F
:108300000D0A4D6574612075726C202D2D3E0000A4
:108310000D0A4D6574612075726C202D2D3E4E4FF7
:10832000204B45593C2D2D0D0A0000000D0A4E4FE3
:10833000204A534F4E20464F554E440D0A00000030
:108340004E4F204C494E4B000D0A416464696E67E4
:108350002043657274696669636174652D2D3E0002
:108360003C2D2D200000000041542B434552544128
:1083700044443D002C000000434F4E4E4543540002
:10838000444F4E450D0A000041542B43455254447E
:10839000454C3D0041542B43455254434845434BC3
:1083A0003D000000494E5354414C4C4C20436572F3
:1083B000746966696361746573202D20456E746508
:1083C000722022312220746F20636F6E74000000CF
:1083D00044656C657465202D20526F6F7420434195
:1083E000202D20456E7465722022312220746F206A
:1083F000636F6E740000000044656C657465202D29
:1084000020436C69656E742043657274202D20458D
:108410006E7465722022312220746F20636F6E7437
:108420000000000044656C657465202D20436C6974
:10843000656E74204B6579202D20456E7465722021
:1084400022312220746F20636F6E7400494E5354A2
:10845000414C4C4C204E4557204365727469666907
:108460006361746573202D20456E7465722022311E
:108470002220746F20636F6E740000004578747260
:108480006163746F72000000366A6E776B74343704
:108490007833646A7634366D3363766E65667471EC
:1084A0006F6930756E7A63732E6C616D6264612DD5
:1084B00075726C2E75732D776573742D322E6F6EF9
:1084C0002E6177732F3F6661726D49443D00000055
:1084D00026686172647761726549443D43574D5324
:1084E0005F315F3100000000646576696365206379
:1084F0006572746966696361746500004341204375
:10850000657274696669636174650000707269768A
:10851000617465206B6579003A2000000D0A4E6F8A
:10852000204A736F6E2045787472616374656400CD
:108530002D2D2D000D0A436572746966696361749F
:1085400065202D2D3E00000041542B4854545053BB
:108550004346473D73736C76657273696F6E2C3357
:108560000000000041542B48545450534346473DAB
:10857000617574686D6F64652C30000041542B4840
:10858000545450534346473F000000002B48545476
:1085900050534346473A000041542B4854545053DB
:1085A000504152413D706F72742C343433000000DE
:1085B00041542B4854545053504152413D75726CB4
:1085C0002C00000041542B485454505353455455EB
:1085D0005000000048545450535345545550000027
:1085E00041542B4854545053414354494F4E3D003D
:1085F0004854545053434C4F53454400E803000043
:10860000102700008813000088130000E803000012
:1086100041542B465346415400000000202D2000B9
:108620003A000000202000002F0000000D0A205416
:10863000696D657231312056616C756520697320F2
:108640003A2000000A200A00253032642D253032FD
:10865000642D2530346420253032643A253032646C
:108660003A2530326400000063757274696D6500EC
:1086700041542B43434C4B3F000000002B43434CE1
:108680004B3A00006E656F74696D6500416C417412
:10869000696D6500416C4274696D65005365747461
:1086A000696E6720616C61726D2074696D65000090
:1086B00041542B48545450534745543D300000001A
:1086C0002B48545450534745545250543A2031305B
:1086D0000000000088130000983A00000D0A666947
:1086E0006C65206E616D65203D202700270D0A0016
:1086F0000D0A5075626C697368696E6720646174F5
:10870000610D0A0041542B4157535055423D302CC6
:10871000312C2200222C000050554200881300000A
:10872000881300000D0A43757272656E74205469D7
:108730006D65202D200000000D0A4E6578742057CD
:10874000616B6575702054696D65202D20000000F7
:108750001F1C1F1E1F1E1F1F1E1F1E1F0D0A476FDF
:10876000742074696D65723A20000000204D696EB6
:10877000757465730D0A0000416C61726D20746937
:108780006D65000052544320434845434B000000B0
:1087900041542B46534C4953543F000046534C49D7
:1087A000535400000D0A46494C45204E4F54204674
:1087B0004F554E44203A20000D0000000D0A466936
:1087C0006C652073697A6520696E203D2027000062
:1087D0000D0A094F544120425245414B2046554E07
:1087E00043203A20000000000D0A535441525449DE
:1087F0004E47204F54410000222C312C0000000035
:108800000D0A2B465352463A200000004E4F206F6F
:1088100066206279746573206E6F7420657175616E
:108820006C00000057726974696E672000000000D8
:10883000206279746573000041542B465344463DD1
:1088400022000000456E746572203020746F207322
:108850006B6970206F7461004E4F00004E6F206C8A
:10886000696E6B000D0A446F776E6C6F6164696EA0
:1088700067204D65746120446174610026726D3D0E
:10888000310000000D0A446F776E6C6F6164696E91
:1088900067204F54412042696E2046696C65000094
:1088A0000D0A46696C652073697A65206F757420BE
:1088B0003D20000026726F3D310000000D0A4F542C
:1088C0004120444F4E4500000D0A4C696E6B206EEE
:1088D0006F7420617661696C61626C6500000000F4
:1088E00045726173696E672074686520466C6173B8
:1088F00068206D656D6F72792E2E2E0D0A000000B6
:10890000536563746F72206572726F7200000000AD
:108910005375636365737366756C6C79204572611A
:10892000736564204D656D6F72790D0A000000005B
:108930000D0A43757272656E7420416464726573CA
:1089400073203A2000000000466C61736820577263
:10895000697465204572726F720D0A000D0A5772B4
:10896000697474656E20436F72726563746C7920EC
:10897000000000002042797465730D0A00000000B9
:108980000D0A0D0A09434F44452053544F5050459A
:1089900044203A2000000000203A20456E746572A1
:1089A000202200002220746F20636F6E740000008C
:1089B000456E746572203020746F20736B6970206F
:1089C000736C6565700000000D0A536C6565706915
:1089D0006E672C20746F6F6B20000000207365633E
:1089E0006F6E64730D0A00000D0A45786974696E34
:1089F000672C20736C65707420666F722000000015
:108A00000D0A5052494E54204F4E0D0A00000000EE
:108A10000D0A496E204F544120434F4445202030D9
:108A2000393A32393A3135202D20536570203136AC
:108A300020323032350D0A00747275650000000076
:108A400066616C73650000006E756C6C0000000060
:108A50005C75303030300000636F6E6669672E6A77
:108A6000736F6E003132330057530000444556494E
:108A700043455F494400000057414B4555505F490D
:108A80004E540000434845434B5F4F5441000000A3
:108A90005052494E540000005052494E545F4553C5
:108AA00053454E5449414C5300000000494E535425
:108AB000414C4C5F43455254000000004255545411
:108AC0004F4E00004558495400000000303030310E
:108AD000303230333034303530363037303830396A
:108AE0003130313131323133313431353136313762
:108AF0003138313932303231323232333234323548
:108B0000323632373238323933303331333233332D
:108B10003334333533363337333833393430343113
:108B200034323433343434353436343734383439F9
:108B300035303531353235333534353535363537F1
:108B400035383539363036313632363336343635D7
:108B500036363637363836393730373137323733BD
:108B600037343735373637373738373938303831A3
:108B70003832383338343835383638373838383989
:108B80003930393139323933393439353936393781
:108B9000393839390000000030303031303230336C
:108BA000303430353036303730383039313031319B
:108BB0003132313331343135313631373138313981
:108BC0003230323132323233323432353236323779
:108BD000323832393330333133323333333433355F
:108BE0003336333733383339343034313432343345
:108BF000343434353436343734383439353035312B
:108C00003532353335343535353635373538353910
:108C10003630363136323633363436353636363708
:108C200036383639373037313732373337343735EE
:108C300037363737373837393830383138323833D4
:108C400038343835383638373838383939303931BA
:108C500039323933393439353936393739383939A0
:108C600000000000000000000000000000002440A0
:108C70000000000000005940000000000088C340D0
:108C80000000000084D797410080E03779C341435A
:108C9000176E05B5B5B89346F5F93FE9034F384D62
:108CA000321D30F94877825A3CBF737FDD4F15750E
:108CB0009A9999999999B93F7B14AE47E17A843F83
:108CC0002D431CEBE2361A3F3A8C30E28E79453E5A
:108CD000BC89D897B2D29C3C33A7A8D523F6493992
:108CE0003DA7F444FD0FA5329D978CCF08BA5B25B4
:108CF000436FAC642806C80A0000000000000000B2
:108D00000102030406070809000000000102030431
:108D1000A0860100400D0300801A060000350C00FB
:108D200040420F0080841E0000093D0000127A00BE
:108D30000024F40000366E010048E801006CDC02FB
:108D400062617369635F737472696E673A3A5F4D0B
:108D50005F6372656174650025733A205F5F706FB1
:108D6000732028776869636820697320257A7529DC
:108D7000203E20746869732D3E73697A6528292026
:108D800028776869636820697320257A75290062ED
:108D9000617369635F737472696E673A3A61743ABA
:108DA000205F5F6E202877686963682069732025DB
:108DB0007A7529203E3D20746869732D3E73697A67
:108DC0006528292028776869636820697320257AD7
:108DD00075290062617369635F737472696E673AC3
:108DE0003A65726173650062617369635F7374727F
:108DF000696E673A3A5F4D5F7265706C6163655F7B
:108E00006175780062617369635F737472696E671C
:108E10003A3A7265706C6163650062617369635FA1
:108E2000737472696E673A3A5F4D5F7265706C6118
:108E300063650062617369635F737472696E673A38
:108E40003A617070656E640062617369635F737428
:108E500072696E673A3A5F4D5F636F6E73747275D5
:108E60006374206E756C6C206E6F742076616C6913
:108E7000640062617369635F737472696E673A3A22
:108E800062617369635F737472696E6700626173B4
:108E900069635F737472696E673A3A73756273746B
:108EA00072006E6F7420656E6F75676820737061F5
:108EB000636520666F7220666F726D6174206578DD
:108EC00070616E73696F6E2028506C6561736520E8
:108ED0007375626D69742066756C6C2062756720AD
:108EE0007265706F72742061742068747470733A64
:108EF0002F2F6763632E676E752E6F72672F6275F3
:108F000067732F293A0A2020202000303132333471
:088F1000353637383900000046
:088F1800107DFE7F0100000046
:088F2000B5010008CD22010893
:088F280091010008DD2201089F
:108F30000202020200093D001000000001000000D2
:108F40000000000000000000000000000000000021
:108F50000100000000000000000000000000000010
:108F600000000000AC100020141100207C11002033
:108F700000000000000000000000000000000000F1
:108F800000000000000000000000000000000000E1
:108F900000000000000000000000000000000000D1
:108FA0000000000000000000000000003000002071
:040000050801297154
:00000001FF
